S.No,LocalBodyName,WardNo,Post,District,State,Winner,GovernmentAllianceVote,UMLVote
1,थाक्रे गाउँपालिका,7,वडा अध्यक्ष,धादिङ्ग,3,राम कुमार बस्नेत,706,1095
2,मालारानी गाउँपालिका,1,वडा अध्यक्ष,अर्घाखांची,5,बालाकृष्ण आचार्य,379,584
3,रोहिणी गाउँपालिका,4,वडा अध्यक्ष,रुपन्देही,5,तारानाथ यादव,466,526
4,बनेपा नगरपालिका,4,वडा अध्यक्ष,काभ्रेपलाञ्चोक,3,स्याम सुन्दर श्रेष्‍ठ,889,1126
5,मिक्वाखोला गाउँपालिका,4,वडा अध्यक्ष,ताप्लेजुंग,1,भिम बहादुर लिम्वू,410,478
6,बेनी  नगरपालिका,9,वडा अध्यक्ष,म्याग्दी,4,बेल बहादुर चोखाल,870,873
7,धरान उपमहानगरपालिका,16,वडा अध्यक्ष,सुनसरी,1,दिल कुमार गिरी,1847,2143
8,सुस्ता गाउँपालिका,2,वडा अध्यक्ष,नवलपरासी (बर्दघाट सुस्ता पश्चिम),5,कृष्ण लाल मुखिया,1003,1119
9,मेन्छयायेम गाउँपालिका,5,वडा अध्यक्ष,तेर्हथुम,1,शिव नाथ खापुङ्ग,372,405
10,विदेह नगरपालिका,1,वडा अध्यक्ष,धनुषा,2,राम वृक्ष ठाकुर,403,456
11,थाक्रे गाउँपालिका,6,वडा अध्यक्ष,धादिङ्ग,3,पुर्ण बहादुर कार्की,445,462
12,बेसीशहर नगरपालिका,9,वडा अध्यक्ष,लमजुंग,4,शरद बराल,505,512
13,ठूली भेरी नगरपालिका,11,वडा अध्यक्ष,डोल्पा,6,लक्ष्मी कार्की,92,184
14,त्रिपुरासुन्दरी नगरपालिका,4,वडा अध्यक्ष,डोल्पा,6,श्रीदल बुढा,130,182
15,हतुवागढी गाउँपालिका,2,वडा अध्यक्ष,भोजपुर,1,विचारि थापा,364,609
16,ट्याम्केमैयुम गाउँपालिका,1,वडा अध्यक्ष,भोजपुर,1,नर बहादुर राई,270,278
17,बडीमालिका नगरपालिका,3,वडा अध्यक्ष,बाजुरा,7,वीर वहादुर रावल,158,348
18,बराह नगरपालिका,8,वडा अध्यक्ष,सुनसरी,1,फणीनद्र प्रसाद भट्टराई,1553,1988
19,सिंजा गाउँपालिका,4,वडा अध्यक्ष,जुम्ला,6,धन बहादुर बुढा,341,393
20,धनगढी उपमहानगरपालिका,19,वडा अध्यक्ष,कैलाली,7,तिलु राम चौधरी थारु,1209,1391
21,सत्यवती गाउँपालिका,2,वडा अध्यक्ष,गुल्मी,5,दधिराम कुँवर क्षेत्री,424,506
22,वाह्रविसे नगरपालिका,5,वडा अध्यक्ष,सिन्धुपाल्चोक,3,वेल बहादुर रोक्‍का,373,449
23,अन्नपूर्ण गाउँपालिका,1,वडा अध्यक्ष,म्याग्दी,4,दिलिप कुमार गर्बुजा,203,341
24,केदारस्युँ गाउँपालिका,8,वडा अध्यक्ष,बझाङ्ग,7,गणेश बहादुर बोहरा,291,499
25,पुथा उत्तरगंगा गाउँपालिका,14,वडा अध्यक्ष,रुकुम पूर्व,5,हर्कमान बुढा मगर,313,332
26,भिमाद नगरपालिका,7,वडा अध्यक्ष,तनहुँ,4,सुर्य कुमार श्रेष्‍ठ,391,720
27,बेनीघाट रोराङ्ग गाउँपालिका,2,वडा अध्यक्ष,धादिङ्ग,3,टंक बहादुर थापा,803,928
28,बैजनाथ गाउँपालिका,1,वडा अध्यक्ष,बाँके,5,रुप बहादुर मल्ल,1388,1414
29,सिराहा नगरपालिका,16,वडा अध्यक्ष,सिराहा,2,धिरेन्द्र मोरवैता यादव,739,843
30,रेसुङ्गा नगरपालिका,10,वडा अध्यक्ष,गुल्मी,5,पदम प्रसाद अर्याल,801,893
31,भानु नगरपालिका,7,वडा अध्यक्ष,तनहुँ,4,राम कृष्ण देवकोटा,517,791
32,बेलकोटगढी नगरपालिका,12,वडा अध्यक्ष,नुवाकोट,3,डिल्ली राम सिलवाल,464,669
33,लहान नगरपालिका,9,वडा अध्यक्ष,सिराहा,2,प्रदिप कुमार चौधरी,300,343
34,अर्जुनधारा नगरपालिका,1,वडा अध्यक्ष,झापा,1,गजाधर खतिवडा,985,1175
35,थासाङ गाउँपालिका,4,वडा अध्यक्ष,मुस्तांग,4,विशाल शेरचन,122,147
36,फलेवास नगरपालिका,10,वडा अध्यक्ष,पर्वत,4,"शालिग्राम शर्मा,पौडेल",542,544
37,दिपायल सिलगढी नगरपालिका,5,वडा अध्यक्ष,डोटी,7,मदन भंण्डारी,418,758
38,मेलम्ची नगरपालिका,12,वडा अध्यक्ष,सिन्धुपाल्चोक,3,राम बहादुर लामा,876,1254
39,तुर्माखाँद गाउँपालिका,6,वडा अध्यक्ष,अछाम,7,मुक्ती नाथ उपाध्याय,468,537
40,बनेपा नगरपालिका,11,वडा अध्यक्ष,काभ्रेपलाञ्चोक,3,शिव कुमार थापा,428,480
41,मर्स्याङदी गाउँपालिका,7,वडा अध्यक्ष,लमजुंग,4,युवा घले,161,678
42,बागलुङ नगरपालिका,9,वडा अध्यक्ष,बागलुङ,4,गणेश बहादुर थापा मगर,819,1083
43,सुनवल नगरपालिका,3,वडा अध्यक्ष,नवलपरासी (बर्दघाट सुस्ता पश्चिम),5,कर्ण बहादुर सेन ठकुरी,797,801
44,रुवी भ्याली गाउँपालिका,1,वडा अध्यक्ष,धादिङ्ग,3,मिन घले,162,251
45,धवलागिरी गाउँपालिका,4,वडा अध्यक्ष,म्याग्दी,4,वेग प्रसाद घर्ति,117,770
46,निस्दी गाउँपालिका,4,वडा अध्यक्ष,पाल्पा,5,न्यो बहादुर सुनारी,412,997
47,पटेर्वा सुगौली गाउँपालिका,1,वडा अध्यक्ष,पर्सा,2,फरमान मियाँ अंसारी,394,476
48,काईके गाउँपालिका,3,वडा अध्यक्ष,डोल्पा,6,राजु बुढा,0,149
49,भैरवी गाउँपालिका,1,वडा अध्यक्ष,दैलेख,6,काँशीराम कार्की,415,603
50,ठूली भेरी नगरपालिका,1,वडा अध्यक्ष,डोल्पा,6,वाग बहादुर महतारा,3,57
51,ईनरुवा नगरपालिका,5,वडा अध्यक्ष,सुनसरी,1,अञ्जनी कुमार पोखरेल,1036,1218
52,जोरायल गाउँपालिका,2,वडा अध्यक्ष,डोटी,7,मान वहादुर मल्ल,618,932
53,धरान उपमहानगरपालिका,4,वडा अध्यक्ष,सुनसरी,1,मान बहादुर राई,567,614
54,छेडेदह गाउँपालिका,1,वडा अध्यक्ष,बाजुरा,7,बिर बहादुर रावल,518,601
55,लेटाङ नगरपालिका,1,वडा अध्यक्ष,मोरङ्ग,1,विष्णु कुमार मगर,446,643
56,मदाने गाउँपालिका,2,वडा अध्यक्ष,गुल्मी,5,माधव प्रसाद भूसाल,558,768
57,रामधुनी नगरपालिका,8,वडा अध्यक्ष,सुनसरी,1,रुद्र बहादुर बस्नेत,451,802
58,अर्जुनधारा नगरपालिका,11,वडा अध्यक्ष,झापा,1,भैरव बहादुर खड्का,1475,1489
59,हेलम्बु  गाउँपालिका,2,वडा अध्यक्ष,सिन्धुपाल्चोक,3,छिरिङ ग्याल्बु लामा (ह्‍योल्मो),782,783
60,दुल्लु नगरपालिका,9,वडा अध्यक्ष,दैलेख,6,रण वहादुर वोहोरा,484,495
61,रुपाकोट मजुवागढी नगरपालिका,8,वडा अध्यक्ष,खोटाङ्ग,1,लिला कुमार चौहान,348,482
62,सायल गाउँपालिका,4,वडा अध्यक्ष,डोटी,7,टिका सिंह,398,569
63,मंगलसेन नगरपालिका,1,वडा अध्यक्ष,अछाम,7,गोपाल थापा,305,349
64,गुठिचौर गाउँपालिका,1,वडा अध्यक्ष,जुम्ला,6,गणेश ऐडी,262,301
65,रिब्दिकोट गाउँपालिका,7,वडा अध्यक्ष,पाल्पा,5,निल बहादुर रास्कोटी,589,598
66,बुटवल उपमहानगरपालिका,9,वडा अध्यक्ष,रुपन्देही,5,बिण्णु बाहादुर थापा,1044,1281
67,धर्मदेवी नगरपालिका,3,वडा अध्यक्ष,संखुवासभा,1,श्याम बहादुर पौडेल,477,531
68,सप्तकोशी  नगरपालिका,1,वडा अध्यक्ष,सप्तरी,2,नारायण प्रसाद आचार्य,641,766
69,मिथिला नगरपालिका,6,वडा अध्यक्ष,धनुषा,2,भक्‍त बहादुर वलम्‍पाकी,341,560
70,ललितपुर महानगरपालिका,18,वडा अध्यक्ष,ललितपुर,3,पुरुषोत्तम खड्का,648,850
71,चौतारा साँगाचोकगढी नगरपालिका,3,वडा अध्यक्ष,सिन्धुपाल्चोक,3,टेक बहादुर तामाङ,418,501
72,चामुण्डा विन्द्रासैनी नगरपालिका,4,वडा अध्यक्ष,दैलेख,6,टिकाराम शाही,379,389
73,नारायण नगरपालिका,2,वडा अध्यक्ष,दैलेख,6,रेशम बहादुर थापा,515,609
74,पूर्वखोला गाउँपालिका,3,वडा अध्यक्ष,पाल्पा,5,निलकन्ठ भट्टराई,267,830
75,बौधीमाई नगरपालिका,7,वडा अध्यक्ष,रौतहट,2,विजय कुमार प्रसाद कुशवाहा,623,642
76,ईन्द्र सरोवर गाउँपालिका,5,वडा अध्यक्ष,मकवानपुर,3,धनराज महर्जन,470,528
77,धरान उपमहानगरपालिका,13,वडा अध्यक्ष,सुनसरी,1,नेत्र प्रसाद काफ्‍ले,1209,1650
78,तामाकोशी  गाउँपालिका,7,वडा अध्यक्ष,दोलखा,3,लेख बहादुर सुनुवार,264,539
79,कमल गाउँपालिका,5,वडा अध्यक्ष,झापा,1,डम्बर बहादुर निरौला,1309,1339
80,पाणिनी गाउँपालिका,3,वडा अध्यक्ष,अर्घाखांची,5,देवि बहादुर क्षेत्री,740,940
81,पनौती नगरपालिका,12,वडा अध्यक्ष,काभ्रेपलाञ्चोक,3,इश्‍वर राज जंगम,624,1118
82,निस्दी गाउँपालिका,5,वडा अध्यक्ष,पाल्पा,5,भिम बहादुर वयम्वु,655,912
83,शैलुङ  गाउँपालिका,7,वडा अध्यक्ष,दोलखा,3,धावा वाङ्गेल लामा,324,636
84,दार्मा गाउँपालिका,1,वडा अध्यक्ष,सल्यान,6,कवी कुमार चन्द,316,598
85,स्वर्गद्वारी नगरपालिका,9,वडा अध्यक्ष,प्यूठान,5,नर वहादुर वि. एम.,449,587
86,गोकर्णेश्वर नगरपालिका,2,वडा अध्यक्ष,काठमाडौं,3,कृष्ण वहादुर पण्डित,548,645
87,सिदिङ्वा गाउँपालिका,1,वडा अध्यक्ष,ताप्लेजुंग,1,विजय प्रकाश चापाँगाइ,78,126
88,तिलोत्तमा नगरपालिका,12,वडा अध्यक्ष,रुपन्देही,5,सहदेव थारु,812,983
89,सिम्ता गाउँपालिका,3,वडा अध्यक्ष,सुर्खेत,6,नहकुले बुढा,442,751
90,मेरिङदेन गाउँपालिका,1,वडा अध्यक्ष,ताप्लेजुंग,1,लाक्पा तेम्बा शेर्पा,346,418
91,षडानन्द नगरपालिका,6,वडा अध्यक्ष,भोजपुर,1,सुजन राई,359,438
92,टोखा नगरपालिका,10,वडा अध्यक्ष,काठमाडौं,3,मधुसुदन पाण्डे,680,683
93,बुढानिलकण्ठ नगरपालिका,1,वडा अध्यक्ष,काठमाडौं,3,सुरेन्द्र लामा,504,677
94,लेटाङ नगरपालिका,5,वडा अध्यक्ष,मोरङ्ग,1,"भुम बहादुर सुर्य,मगर",829,1139
95,गोकुलगङ्गा गाउँपालिका,3,वडा अध्यक्ष,रामेछाप,3,नर बिक्रम कार्की,595,991
96,नेत्रावती गाउँपालिका,5,वडा अध्यक्ष,धादिङ्ग,3,डम्‍बर बहादुर अधिकारी,576,582
97,दुधकौशिका गाउँपालिका,2,वडा अध्यक्ष,सोलुखुम्बु,1,उदय नारायण बस्नेत,397,446
98,देवदह नगरपालिका,9,वडा अध्यक्ष,रुपन्देही,5,केशव प्रसाद भट्टराई,815,1029
99,खजुरा गाउँपालिका,2,वडा अध्यक्ष,बाँके,5,देवी लाल शर्मा,2069,2240
100,भेरीगंगा नगरपालिका,13,वडा अध्यक्ष,सुर्खेत,6,टीकाराम सुवेदी,859,869
101,चैनपुर नगरपालिका,5,वडा अध्यक्ष,संखुवासभा,1,काली बहादुर लिम्वु,252,323
102,गल्छी गाउँपालिका,6,वडा अध्यक्ष,धादिङ्ग,3,राजन श्रेष्ठ,652,677
103,मर्स्याङदी गाउँपालिका,9,वडा अध्यक्ष,लमजुंग,4,नारायण वहादुर थापा,579,823
104,खुम्वु पासाङल्हमु गाउँपालिका,3,वडा अध्यक्ष,सोलुखुम्बु,1,मिङमा छिरी शेर्पा,267,280
105,महाशिला गाउँपालिका,1,वडा अध्यक्ष,पर्वत,4,इश्‍वरी प्रसाद भुसाल,383,413
106,रम्भा गाउँपालिका,2,वडा अध्यक्ष,पाल्पा,5,उमान सिं सारु,609,867
107,तिनपाटन गाउँपालिका,11,वडा अध्यक्ष,सिन्धुली,3,हित लाल श्रेष्‍ठ,684,723
108,पाँचपोखरी थाङपाल  गाउँपालिका,2,वडा अध्यक्ष,सिन्धुपाल्चोक,3,पासाङ लामा,474,475
109,भगवतीमाई गाउँपालिका,1,वडा अध्यक्ष,दैलेख,6,मान बहादुर बुढा,463,516
110,हिमाली गाउँपालिका,2,वडा अध्यक्ष,बाजुरा,7,धन रुप बुढा,162,252
111,चाँगुनारायण नगरपालिका,3,वडा अध्यक्ष,भक्तपुर,3,श्याम सुन्दर धिमाल,1229,1362
112,चामुण्डा विन्द्रासैनी नगरपालिका,8,वडा अध्यक्ष,दैलेख,6,विर बहादुर शाही,362,382
113,लेटाङ नगरपालिका,2,वडा अध्यक्ष,मोरङ्ग,1,तेज प्रसाद तिम्‍सीना,993,1219
114,तामाकोशी  गाउँपालिका,4,वडा अध्यक्ष,दोलखा,3,होम बहादुर श्रेष्ठ,547,721
115,ओमसतिया गाउँपालिका,1,वडा अध्यक्ष,रुपन्देही,5,बेल बहादुर बराल मगर,514,636
116,कालिन्चोक  गाउँपालिका,6,वडा अध्यक्ष,दोलखा,3,मान सिँ थामी,525,593
117,छेडागाड नगरपालिका,2,वडा अध्यक्ष,जाजरकोट,6,वालकृष्‍ण बुढा,459,551
118,आठबीस नगरपालिका,1,वडा अध्यक्ष,दैलेख,6,पर्व सिंह विश्वकर्मा,677,720
119,खाल्सा छिन्ताङ सहीदभूमि गाउँपालिका,4,वडा अध्यक्ष,धनकुटा,1,भुपेन्द्र राई,348,615
120,सिद्दिचरण नगरपालिका,5,वडा अध्यक्ष,ओखलढुंगा,1,कुल प्रसाद दाहाल,482,487
121,लहान नगरपालिका,10,वडा अध्यक्ष,सिराहा,2,मन्टी कुमार मण्डल,448,494
122,माई नगरपालिका,9,वडा अध्यक्ष,इलाम,1,लिला कुमार राई,399,694
123,खानीखोला गाउँपालिका,3,वडा अध्यक्ष,काभ्रेपलाञ्चोक,3,जय बहादुर लुङगेली मगर,265,282
124,घोराही उपमहानगरपालिका,11,वडा अध्यक्ष,दाङ,5,कुल बहादुर लामीछाने,1118,1307
125,कन्काई नगरपालिका,5,वडा अध्यक्ष,झापा,1,कृष्ण बहादुर राई,969,1268
126,वृन्दावन नगरपालिका,4,वडा अध्यक्ष,रौतहट,2,श्यामनन्दन राय,802,840
127,कन्काई नगरपालिका,7,वडा अध्यक्ष,झापा,1,लिला बहादुर कन्दङवा,709,840
128,पोखरा लेखनाथ महानगरपालिका,19,वडा अध्यक्ष,कास्की,4,शोभा मोहन पौडेल,2207,2483
129,शिखर नगरपालिका,6,वडा अध्यक्ष,डोटी,7,तेज बहादुर साउद,494,587
130,आरूघाट गाउँपालिका,10,वडा अध्यक्ष,गोरखा,4,मेन बहादुर अधिकारी,180,567
131,महाशिला गाउँपालिका,5,वडा अध्यक्ष,पर्वत,4,जीवन विक्रम उचै,669,710
132,स्वर्गद्वारी नगरपालिका,3,वडा अध्यक्ष,प्यूठान,5,बासु देव रेग्मी,515,885
133,थाक्रे गाउँपालिका,4,वडा अध्यक्ष,धादिङ्ग,3,गणेश मान वाईबा तामाङ,450,708
134,पाँचपोखरी थाङपाल  गाउँपालिका,8,वडा अध्यक्ष,सिन्धुपाल्चोक,3,विष्णु बहादुर खड्का,411,529
135,मिथिला नगरपालिका,10,वडा अध्यक्ष,धनुषा,2,सविन विक्रम थापा,463,899
136,फेदीखोला गाउँपालिका,4,वडा अध्यक्ष,स्याङ्जा,4,माधव प्रसाद शर्मा सुवेदी,693,747
137,पाख्रिवास नगरपालिका,8,वडा अध्यक्ष,धनकुटा,1,सिता राम राई,295,537
138,रामधुनी नगरपालिका,7,वडा अध्यक्ष,सुनसरी,1,केशव गौतम,1047,1546
139,मुड्केचुला गाउँपालिका,6,वडा अध्यक्ष,डोल्पा,6,हस्त बहादुर शाही,109,152
140,उमाकुण्ड गाउँपालिका,7,वडा अध्यक्ष,रामेछाप,3,रुद्र मणि नेवार,390,478
141,ईन्द्र सरोवर गाउँपालिका,4,वडा अध्यक्ष,मकवानपुर,3,धनवीर स्याङ्तान,168,750
142,तिलोत्तमा नगरपालिका,1,वडा अध्यक्ष,रुपन्देही,5,तामा नाथ पाण्डेय,1270,1716
143,कंचन गाउँपालिका,1,वडा अध्यक्ष,रुपन्देही,5,हरि नारायण थारु,1199,1210
144,बेनी  नगरपालिका,1,वडा अध्यक्ष,म्याग्दी,4,टेक बहादुर रावल,409,630
145,काठेखोला गाउँपालिका,2,वडा अध्यक्ष,बागलुङ,4,विद्या पति शर्मा,790,962
146,काठमाण्डौ महानगरपालिका,2,वडा अध्यक्ष,काठमाडौं,3,राजेन्द्र कुमार श्रेष्‍ठ,1153,1840
147,खाँडाचक्र नगरपालिका,6,वडा अध्यक्ष,कालिकोट,6,जगदिश शाही,300,351
148,मुगुम कार्मारोंग गाउँपालिका,8,वडा अध्यक्ष,मुगु,6,धोर्पा छिरिङ तामाङ,121,155
149,सान्नी त्रिवेणी गाउँपालिका,7,वडा अध्यक्ष,कालिकोट,6,मणी लाल सिम्खाडा,146,148
150,सुन्दरबजार नगरपालिका,2,वडा अध्यक्ष,लमजुंग,4,लोक राज पाण्डे,453,905
151,ललितपुर महानगरपालिका,5,वडा अध्यक्ष,ललितपुर,3,बिकाश मान श्रेष्ठ,532,643
152,बाह्रदशी गाउँपालिका,6,वडा अध्यक्ष,झापा,1,रत्‍नप्रकाश योङहाङ्ग,913,993
153,धनौजी गाउँपालिका,3,वडा अध्यक्ष,धनुषा,2,राम दुलार मण्डल,506,715
154,अन्नपुर्ण गाउँपालिका,7,वडा अध्यक्ष,कास्की,4,घनश्‍याम चापागाई,328,403
155,गौरिशंकर  गाउँपालिका,7,वडा अध्यक्ष,दोलखा,3,आङ दोर्जे शेर्पा,299,487
156,आँधीखोला गाउँपालिका,5,वडा अध्यक्ष,स्याङ्जा,4,कृष्ण प्रसाद पनेरु,547,876
157,महाशिला गाउँपालिका,4,वडा अध्यक्ष,पर्वत,4,पुर्ण बहादुर मल्ल,353,670
158,रिब्दिकोट गाउँपालिका,5,वडा अध्यक्ष,पाल्पा,5,कृष्ण बहादुर थापा,361,503
159,धुर्कोट गाउँपालिका,3,वडा अध्यक्ष,गुल्मी,5,विष्णु बहादुर थापा श्रीस,769,925
160,जयपृथ्वी नगरपालिका,7,वडा अध्यक्ष,बझाङ्ग,7,हरिचन्द्र जोशी,469,483
161,मेची नगर नगरपालिका,3,वडा अध्यक्ष,झापा,1,हर्क बहादुर बस्नेत,1386,1412
162,चुरे गाउँपालिका,5,वडा अध्यक्ष,कैलाली,7,नर बहादुर तामाङ,466,488
163,शुक्लागण्डकी नगरपालिका,5,वडा अध्यक्ष,तनहुँ,4,दिर्घ बहादुर थापा,667,983
164,महावै गाउँपालिका,4,वडा अध्यक्ष,कालिकोट,6,बिबिखण शाही,168,192
165,बुटवल उपमहानगरपालिका,14,वडा अध्यक्ष,रुपन्देही,5,दधिराम न्‍यौपाने,818,972
166,आँधीखोला गाउँपालिका,2,वडा अध्यक्ष,स्याङ्जा,4,रामचन्द्र प्रसाद पौडेल,533,916
167,गल्याङ नगरपालिका,1,वडा अध्यक्ष,स्याङ्जा,4,गणेश प्रसाद बस्याल,683,830
168,पुतलीबजार नगरपालिका,8,वडा अध्यक्ष,स्याङ्जा,4,याम बहादुर शाही,387,412
169,मर्स्याङदी गाउँपालिका,4,वडा अध्यक्ष,लमजुंग,4,सुमन गुरुङ,527,549
170,भानु नगरपालिका,4,वडा अध्यक्ष,तनहुँ,4,पूर्ण बहादुर लौडारी भाट,759,791
171,मोदी गाउँपालिका,6,वडा अध्यक्ष,पर्वत,4,विमल लामीछाने,661,1249
172,वित्थडचिर गाउँपालिका,4,वडा अध्यक्ष,बझाङ्ग,7,कलक बहादुर बोहरा,238,542
173,बीरेन्द्रनगर नगरपालिका,4,वडा अध्यक्ष,सुर्खेत,6,निलकण्ठ खनाल,1171,1459
174,नाम्खा गाउँपालिका,5,वडा अध्यक्ष,हुम्ला,6,साङ्ग्या तामाङ,51,73
175,मुड्केचुला गाउँपालिका,2,वडा अध्यक्ष,डोल्पा,6,धन बहादुर सार्की,79,81
176,हरिवन नगरपालिका,5,वडा अध्यक्ष,सर्लाही,2,नागेन्द्र कुमार साह,570,718
177,तारकेश्वर गाउँपालिका,2,वडा अध्यक्ष,नुवाकोट,3,समर बहादुर आलेमगर,557,673
178,देवदह नगरपालिका,7,वडा अध्यक्ष,रुपन्देही,5,पदम बहादुर थापा,1175,1350
179,सैनामैना नगरपालिका,3,वडा अध्यक्ष,रुपन्देही,5,रत्‍न बहादुर पौडेल खत्री,679,1250
180,मंगला गाउँपालिका,3,वडा अध्यक्ष,म्याग्दी,4,कविन्द्र रोका मगर,592,605
181,हिलिहाङ गाउँपालिका,7,वडा अध्यक्ष,पाँचथर,1,तीर्थ राज तिम्सिना,541,719
182,बुढानिलकण्ठ नगरपालिका,2,वडा अध्यक्ष,काठमाडौं,3,राजेन्‍द्र खडका,918,1041
183,थासाङ गाउँपालिका,2,वडा अध्यक्ष,मुस्तांग,4,नर प्रसाद हिराचन,149,206
184,बुढीगंगा नगरपालिका,3,वडा अध्यक्ष,बाजुरा,7,खडक बहादुर अधिकारी,219,482
185,पोखरा लेखनाथ महानगरपालिका,5,वडा अध्यक्ष,कास्की,4,धन बहादुर नेपाली,1363,1768
186,धवलागिरी गाउँपालिका,6,वडा अध्यक्ष,म्याग्दी,4,राजाराम उपाध्याय,192,397
187,षडानन्द नगरपालिका,5,वडा अध्यक्ष,भोजपुर,1,विनेश राई,364,394
188,शैलुङ  गाउँपालिका,4,वडा अध्यक्ष,दोलखा,3,भरत प्रसाद ढुङ्गेल,399,811
189,भीमफेदी गाउँपालिका,8,वडा अध्यक्ष,मकवानपुर,3,जगत मान घिसिङ,272,514
190,तानसेन नगरपालिका,3,वडा अध्यक्ष,पाल्पा,5,महेश लाल शाक्य,606,619
191,थलारा गाउँपालिका,9,वडा अध्यक्ष,बझाङ्ग,7,मोहन राज जैशी,285,483
192,हुप्सेकोट गाउँपालिका,4,वडा अध्यक्ष,नवलपरासी (बर्दघाट सुस्ता पूर्व),4,रोसन थापा,1101,1113
193,त्रिवेणी नलगाड नगरपालिका,9,वडा अध्यक्ष,जाजरकोट,6,विष्‍णु वि क,166,330
194,रेसुङ्गा नगरपालिका,9,वडा अध्यक्ष,गुल्मी,5,नारन सुनार,382,473
195,दुर्गाथली गाउँपालिका,3,वडा अध्यक्ष,बझाङ्ग,7,दल बहादुर धामी,291,316
196,केरावारी गाउँपालिका,10,वडा अध्यक्ष,मोरङ्ग,1,जंग राज खवास,532,639
197,विदुर नगरपालिका,9,वडा अध्यक्ष,नुवाकोट,3,सनी चित्रकार,863,933
198,धरान उपमहानगरपालिका,6,वडा अध्यक्ष,सुनसरी,1,भुवान सिंह बस्नेत,1311,1420
199,भोक्राहा गाउँपालिका,5,वडा अध्यक्ष,सुनसरी,1,बसरुदिन मन्सुरी,151,378
200,बागलुङ नगरपालिका,1,वडा अध्यक्ष,बागलुङ,4,दुर्गे सार्की,422,599
201,निस्दी गाउँपालिका,6,वडा अध्यक्ष,पाल्पा,5,मेख बहादुर सुनारी,138,796
202,बैजनाथ गाउँपालिका,3,वडा अध्यक्ष,बाँके,5,रामचरण थारु,936,1152
203,कावासोती नगरपालिका,10,वडा अध्यक्ष,नवलपरासी (बर्दघाट सुस्ता पूर्व),4,टेक नारायण महतो,527,606
204,ईनरुवा नगरपालिका,6,वडा अध्यक्ष,सुनसरी,1,कोषराज अधिकारी,1373,1422
205,मोलुङ गाउँपालिका,6,वडा अध्यक्ष,ओखलढुंगा,1,राम काजी तामाङ,393,486
206,भिमाद नगरपालिका,2,वडा अध्यक्ष,तनहुँ,4,भवानी शंकर लम्साल,922,1124
207,माईजोगमाई गाउँपालिका,5,वडा अध्यक्ष,इलाम,1,दाता राम संजेल,918,1468
208,विजयनगर गाउँपालिका,3,वडा अध्यक्ष,कपिलवस्तु,5,बुद्वी राम अर्याल,261,423
209,सिदिङ्वा गाउँपालिका,2,वडा अध्यक्ष,ताप्लेजुंग,1,कृष्ण बहादुर पौडेल,198,315
210,दिपायल सिलगढी नगरपालिका,6,वडा अध्यक्ष,डोटी,7,सन्तोष वोहरा,437,532
211,क्व्होलासोथार गाउँपालिका,3,वडा अध्यक्ष,लमजुंग,4,खर्काजङ गुरुङ,132,545
212,ठूली भेरी नगरपालिका,7,वडा अध्यक्ष,डोल्पा,6,डिल विक्रम शाही,124,152
213,अर्जुन चौपारी गाउँपालिका,4,वडा अध्यक्ष,स्याङ्जा,4,जित कुमारी चपाई,379,475
214,छत्रकोट गाउँपालिका,4,वडा अध्यक्ष,गुल्मी,5,डिलाराम न्यौपाने,1075,1237
215,विगु गाउँपालिका,6,वडा अध्यक्ष,दोलखा,3,पदम थामी,338,496
216,बीरेन्द्रनगर नगरपालिका,15,वडा अध्यक्ष,सुर्खेत,6,पुन बहादुर पुलामी,391,399
217,शिवालय गाउँपालिका,7,वडा अध्यक्ष,जाजरकोट,6,विरवल खत्री,240,394
218,वालिङ नगरपालिका,13,वडा अध्यक्ष,स्याङ्जा,4,आनन्द प्रसाद पाठक,807,890
219,दमक नगरपालिका,6,वडा अध्यक्ष,झापा,1,टेक बहादुर थापा,758,944
220,मादी गाउँपालिका,6,वडा अध्यक्ष,कास्की,4,पस वहादुर बाँस्तोला,254,417
221,चन्दननाथ नगरपालिका,6,वडा अध्यक्ष,जुम्ला,6,अज बहादुर रावल,7,233
222,चैनपुर नगरपालिका,4,वडा अध्यक्ष,संखुवासभा,1,धन बहादुर तामाङ,493,702
223,मर्स्याङदी गाउँपालिका,2,वडा अध्यक्ष,लमजुंग,4,चेत वहादुर गुरुङ,0,488
224,आमचोक गाउँपालिका,4,वडा अध्यक्ष,भोजपुर,1,नेत्र बहादुर खत्री,337,355
225,अमरगढी नगरपालिका,11,वडा अध्यक्ष,डडेलधुरा,7,सूर्य प्रकाश खड्का,260,363
226,धरान उपमहानगरपालिका,7,वडा अध्यक्ष,सुनसरी,1,भुपेन्द्र राज मोक्तान,533,636
227,विरुवा गाउँपालिका,4,वडा अध्यक्ष,स्याङ्जा,4,थमन राज गुरुङ,487,1114
228,धनकुटा नगरपालिका,4,वडा अध्यक्ष,धनकुटा,1,जम्सेर राई,394,506
229,रुरु गाउँपालिका,6,वडा अध्यक्ष,गुल्मी,5,पुर्ण बहादुर रेगामी,629,638
230,पुतलीबजार नगरपालिका,9,वडा अध्यक्ष,स्याङ्जा,4,लिल प्रसाद गुरुङ्,385,505
231,निलकण्ठ नगरपालिका,12,वडा अध्यक्ष,धादिङ्ग,3,बाबुराम लम्साल,590,618
232,गल्छी गाउँपालिका,2,वडा अध्यक्ष,धादिङ्ग,3,सडा नन्द खनाल,663,1011
233,मुड्केचुला गाउँपालिका,4,वडा अध्यक्ष,डोल्पा,6,जग बहादुर बुढा,94,108
234,रेसुङ्गा नगरपालिका,7,वडा अध्यक्ष,गुल्मी,5,मोहन प्रसाद पाण्डे,479,565
235,फुङलिङ नगरपालिका,2,वडा अध्यक्ष,ताप्लेजुंग,1,मोहन न्यौपाने,433,459
236,ललितपुर महानगरपालिका,2,वडा अध्यक्ष,ललितपुर,3,राजेश कुमार महर्जन,1347,1838
237,भुम्लु गाउँपालिका,4,वडा अध्यक्ष,काभ्रेपलाञ्चोक,3,लोक बहादुर कुवँर,306,621
238,हल्दीवारी गाउँपालिका,1,वडा अध्यक्ष,झापा,1,त्रिलोचन सापकोटा,1208,1643
239,उमाकुण्ड गाउँपालिका,6,वडा अध्यक्ष,रामेछाप,3,कृष्‍ण कुमार सुनुवार,256,409
240,सुन्दरबजार नगरपालिका,5,वडा अध्यक्ष,लमजुंग,4,ललित गुरुङ,483,516
241,घिरिङ गाउँपालिका,3,वडा अध्यक्ष,तनहुँ,4,रण बहादुर गुरुङ्ग,414,887
242,हिलिहाङ गाउँपालिका,4,वडा अध्यक्ष,पाँचथर,1,श्री प्रसाद शिगु,460,538
243,चाँगुनारायण नगरपालिका,8,वडा अध्यक्ष,भक्तपुर,3,परासर सापकोटा,1065,1196
244,रुवी भ्याली गाउँपालिका,6,वडा अध्यक्ष,धादिङ्ग,3,नर मान गुरुङ,63,96
245,पुतलीबजार नगरपालिका,12,वडा अध्यक्ष,स्याङ्जा,4,दुत प्रसाद गुरुङ्ग,305,373
246,अमरगढी नगरपालिका,9,वडा अध्यक्ष,डडेलधुरा,7,भिम बहादुर रोकाया,305,322
247,कागेश्वरी मनोहरा नगरपालिका,3,वडा अध्यक्ष,काठमाडौं,3,राममणी पुडासैनी,623,680
248,खुम्वु पासाङल्हमु गाउँपालिका,1,वडा अध्यक्ष,सोलुखुम्बु,1,ङिमा दोर्जे शेर्पा,352,455
249,बडीमालिका नगरपालिका,4,वडा अध्यक्ष,बाजुरा,7,सुरेन्द्र नाथ,145,149
250,दूधपोखरी गाउँपालिका,3,वडा अध्यक्ष,लमजुंग,4,तिलक वहादुर गुरुङ,189,317
251,इलाम नगरपालिका,1,वडा अध्यक्ष,इलाम,1,अम्बिका गौतम,888,1083
252,निजगढ नगरपालिका,6,वडा अध्यक्ष,बारा,2,कुश बहादुर थापा,606,736
253,पोखरा लेखनाथ महानगरपालिका,31,वडा अध्यक्ष,कास्की,4,कमल वहादुर थापा क्षेत्री,1719,1761
254,व्यास नगरपालिका,4,वडा अध्यक्ष,तनहुँ,4,विश्‍व राज न्यौपाने,505,903
255,जयपृथ्वी नगरपालिका,9,वडा अध्यक्ष,बझाङ्ग,7,बजिर बहादुर खडका,194,199
256,मिथिला नगरपालिका,2,वडा अध्यक्ष,धनुषा,2,विहारी महतो कोइरी,1024,1145
257,बेनीघाट रोराङ्ग गाउँपालिका,6,वडा अध्यक्ष,धादिङ्ग,3,देव कृष्ण आले मगर,376,535
258,हिमा गाउँपालिका,2,वडा अध्यक्ष,जुम्ला,6,नैन सिंह रोकाया,169,239
259,हिलिहाङ गाउँपालिका,5,वडा अध्यक्ष,पाँचथर,1,लक्ष्मी प्रसाद सुहाङ,609,706
260,कमल गाउँपालिका,4,वडा अध्यक्ष,झापा,1,प्रेम बहादुर राई,1186,1228
261,झापा गाउँपालिका,6,वडा अध्यक्ष,झापा,1,हरि बहादुर बानिया,734,907
262,तानसेन नगरपालिका,1,वडा अध्यक्ष,पाल्पा,5,राम प्रसाद बस्याल,606,620
263,विदुर नगरपालिका,1,वडा अध्यक्ष,नुवाकोट,3,लेनिन रन्जित,623,728
264,खाँडाचक्र नगरपालिका,7,वडा अध्यक्ष,कालिकोट,6,रज बहादुर मल्ल,140,141
265,चैनपुर नगरपालिका,10,वडा अध्यक्ष,संखुवासभा,1,तेज बहादुर कटुवाल,530,566
266,ईस्मा गाउँपालिका,3,वडा अध्यक्ष,गुल्मी,5,तोयनाथ शर्मा,577,622
267,महावु गाउँपालिका,1,वडा अध्यक्ष,दैलेख,6,हरि प्रसाद उपाध्याय,546,624
268,मंगला गाउँपालिका,1,वडा अध्यक्ष,म्याग्दी,4,डेग बहादुर राम्जाली,564,908
269,सन्धिखर्क नगरपालिका,2,वडा अध्यक्ष,अर्घाखांची,5,मोतिजंग रायमाझी,589,645
270,मादी गाउँपालिका,10,वडा अध्यक्ष,कास्की,4,कुल प्रसाद गुरुङ्ग,277,534
271,थाक्रे गाउँपालिका,10,वडा अध्यक्ष,धादिङ्ग,3,गोकुल प्रसाद लामिछाने,627,1056
272,नाशोङ गाउँपालिका,9,वडा अध्यक्ष,मनाङ्ग,4,पासाङ लामा,32,62
273,बडीमालिका नगरपालिका,9,वडा अध्यक्ष,बाजुरा,7,बिनोद कुमार बि.क.,336,543
274,मेलम्ची नगरपालिका,7,वडा अध्यक्ष,सिन्धुपाल्चोक,3,ज्ञानेन्द्र श्रेष्ठ,722,1099
275,मदाने गाउँपालिका,5,वडा अध्यक्ष,गुल्मी,5,हिमाल खड्का,303,445
276,बिन्दबासिनी गाउँपालिका,1,वडा अध्यक्ष,पर्सा,2,सगीर मियाँ,234,333
277,बनेपा नगरपालिका,7,वडा अध्यक्ष,काभ्रेपलाञ्चोक,3,वर्ण शाक्य,918,940
278,मंगलसेन नगरपालिका,2,वडा अध्यक्ष,अछाम,7,मान बहादुर बोगटी,28,120
279,म्याङलुङ नगरपालिका,6,वडा अध्यक्ष,तेर्हथुम,1,इन्द्र कुमार लिम्बु,423,559
280,सुन्दरहरैंचा नगरपालिका,8,वडा अध्यक्ष,मोरङ्ग,1,खेम प्रसाद न्यौपाने,1172,1229
281,दशरथचन्द नगरपालिका,10,वडा अध्यक्ष,बैतडी,7,गगन सिंह बिष्ट,261,266
282,लालबन्दी नगरपालिका,6,वडा अध्यक्ष,सर्लाही,2,उज्‍वल कुमार कार्की,307,795
283,मेलुङ  गाउँपालिका,1,वडा अध्यक्ष,दोलखा,3,इश्‍वर कोइराला,884,1294
284,कोल्हवी नगरपालिका,2,वडा अध्यक्ष,बारा,2,गोपाल प्रसाद अधिकारी,589,609
285,चामे गाउँपालिका,3,वडा अध्यक्ष,मनाङ्ग,4,राजु लामा,54,81
286,फलेवास नगरपालिका,1,वडा अध्यक्ष,पर्वत,4,बाबुराम शर्मा,446,496
287,साफेबगर नगरपालिका,13,वडा अध्यक्ष,अछाम,7,सागर सिह सोनार/बाब्ली,528,587
288,महावै गाउँपालिका,5,वडा अध्यक्ष,कालिकोट,6,धर्मराज शाही,192,256
289,उदयपुरगढी गाउँपालिका,1,वडा अध्यक्ष,उदयपुर,1,खेद बहादुर आले मगर,621,682
290,पाख्रिवास नगरपालिका,4,वडा अध्यक्ष,धनकुटा,1,सोवित निरौला,346,435
291,जयपृथ्वी नगरपालिका,11,वडा अध्यक्ष,बझाङ्ग,7,केश बहादुर रोकाया,563,579
292,सागुरीगढी गाउँपालिका,3,वडा अध्यक्ष,धनकुटा,1,राज कुमार राई,267,889
293,सप्तकोशी  नगरपालिका,2,वडा अध्यक्ष,सप्तरी,2,सोना लाल चौधरी,368,391
294,दोर्दी गाउँपालिका,6,वडा अध्यक्ष,लमजुंग,4,नन्द राज घले,352,605
295,रत्ननगर नगरपालिका,3,वडा अध्यक्ष,चितवन,3,गुप्त नाथ भट्टराई,944,1090
296,गौरिशंकर  गाउँपालिका,8,वडा अध्यक्ष,दोलखा,3,उदय बहादुर खड्का,373,481
297,भोजपुर नगरपालिका,6,वडा अध्यक्ष,भोजपुर,1,शैलेन्द्र कार्की,161,353
298,तिलोत्तमा नगरपालिका,2,वडा अध्यक्ष,रुपन्देही,5,दधिराम गौतम,1102,1332
299,तुल्सिपुर उपमहानगरपालिका,1,वडा अध्यक्ष,दाङ,5,लक्ष्मण भण्डारी,901,1073
300,मुड्केचुला गाउँपालिका,9,वडा अध्यक्ष,डोल्पा,6,जय  प‌साद बुढा,55,120
301,काठमाण्डौ महानगरपालिका,21,वडा अध्यक्ष,काठमाडौं,3,उदय चुडामणी बज्राचार्य,1071,2657
302,सर्केगाड गाउँपालिका,1,वडा अध्यक्ष,हुम्ला,6,गोकुल बुढा,210,427
303,पूर्वखोला गाउँपालिका,4,वडा अध्यक्ष,पाल्पा,5,रिम प्रसाद श्रेष्ठ,196,853
304,जिराभवानी गाउँपालिका,2,वडा अध्यक्ष,पर्सा,2,महादेव महतो थारु,538,767
305,फिक्कल गाउँपालिका,5,वडा अध्यक्ष,सिन्धुली,3,राजु बराल,493,574
306,बनेपा नगरपालिका,10,वडा अध्यक्ष,काभ्रेपलाञ्चोक,3,चन्द्र बहादुर खड्का,812,856
307,छेडागाड नगरपालिका,9,वडा अध्यक्ष,जाजरकोट,6,गोपाल बहादुर नेपाली,284,400
308,ईटहरी उपमहानगरपालिका,4,वडा अध्यक्ष,सुनसरी,1,चन्द्र प्रसाद भट्टराई,1997,2203
309,कमलामाई नगरपालिका,12,वडा अध्यक्ष,सिन्धुली,3,ललित बहादुर आले,627,714
310,कुश्मा नगरपालिका,6,वडा अध्यक्ष,पर्वत,4,रुद्र गिरी,238,278
311,चौविसे गाउँपालिका,3,वडा अध्यक्ष,धनकुटा,1,हेम चन्द्र तुम्सा,361,411
312,भेरीगंगा नगरपालिका,9,वडा अध्यक्ष,सुर्खेत,6,लक्षुमन राना,608,835
313,तिलोत्तमा नगरपालिका,5,वडा अध्यक्ष,रुपन्देही,5,चेत नारायण भण्‍डारी,1016,1072
314,नेपालगंज उपमहानगरपालिका,6,वडा अध्यक्ष,बाँके,5,समीर प्रताप सिंह,445,446
315,साफेबगर नगरपालिका,4,वडा अध्यक्ष,अछाम,7,बालगिरी कुँवर,513,637
316,पनौती नगरपालिका,2,वडा अध्यक्ष,काभ्रेपलाञ्चोक,3,पुरुषोत्तम अधिकारी,782,987
317,बागलुङ नगरपालिका,10,वडा अध्यक्ष,बागलुङ,4,प्रेम बहादुर थापा,618,1167
318,बुटवल उपमहानगरपालिका,8,वडा अध्यक्ष,रुपन्देही,5,भिम बहादुर श्रेष्ठ,1125,1526
319,पञ्चपुरी नगरपालिका,3,वडा अध्यक्ष,सुर्खेत,6,रत्न बहादुर धुराल,556,671
320,छथर जोरपाटी गाउँपालिका,3,वडा अध्यक्ष,धनकुटा,1,ज्ञान बहादुर लिम्बू,149,647
321,चौरजहारी नगरपालिका,13,वडा अध्यक्ष,रुकुम पश्चिम,5,टंक प्रसाद ओली,466,480
322,कानेपोखरी गाउँपालिका,5,वडा अध्यक्ष,मोरङ्ग,1,चरण गुरुङ,1255,1282
323,रामारोशन गाउँपालिका,3,वडा अध्यक्ष,अछाम,7,तारा बहादुर साउद,447,525
324,बर्दघाट नगरपालिका,14,वडा अध्यक्ष,नवलपरासी (बर्दघाट सुस्ता पश्चिम),5,केशव बहादुर खत्री क्षेत्री,1136,1536
325,चन्द्रागिरी नगरपालिका,1,वडा अध्यक्ष,काठमाडौं,3,राजेन्‍द्र के.सी.,885,1143
326,मण्डनदेउपुर नगरपालिका,11,वडा अध्यक्ष,काभ्रेपलाञ्चोक,3,माधव प्रसाद न्यौपाने,658,933
327,सुन्दरबजार नगरपालिका,7,वडा अध्यक्ष,लमजुंग,4,जय राम रेग्मी,380,708
328,छेडागाड नगरपालिका,1,वडा अध्यक्ष,जाजरकोट,6,गणेश प्रसाद जैसी,377,695
329,केदारस्युँ गाउँपालिका,2,वडा अध्यक्ष,बझाङ्ग,7,चक्र बहादुर लुहार--बि.क.,198,292
330,पाँचपोखरी थाङपाल  गाउँपालिका,1,वडा अध्यक्ष,सिन्धुपाल्चोक,3,सूर्य मान दोङ,624,719
331,पुतलीबजार नगरपालिका,4,वडा अध्यक्ष,स्याङ्जा,4,ओम बहादुर खड्का क्षेत्री,801,834
332,गैडाकोट नगरपालिका,8,वडा अध्यक्ष,नवलपरासी (बर्दघाट सुस्ता पूर्व),4,डिलाराम रिजाल,691,703
333,रामपुर नगरपालिका,9,वडा अध्यक्ष,पाल्पा,5,इच्छा राम थापा सिजाली,571,667
334,सभापोखरी गाउँपालिका,3,वडा अध्यक्ष,संखुवासभा,1,दिल बहादुर तामाङ्ग,381,398
335,ईटहरी उपमहानगरपालिका,14,वडा अध्यक्ष,सुनसरी,1,रमेश प्रसाद चौधरी,453,1018
336,आँधीखोला गाउँपालिका,1,वडा अध्यक्ष,स्याङ्जा,4,लोक प्रसाद ढकाल,762,909
337,कुश्मा नगरपालिका,14,वडा अध्यक्ष,पर्वत,4,भीम प्रसाद गुरुङ्ग,507,693
338,आठराई  गाउँपालिका,1,वडा अध्यक्ष,तेर्हथुम,1,कमल बहादुर लिम्बु,578,668
339,खोटेहाङ गाउँपालिका,3,वडा अध्यक्ष,खोटाङ्ग,1,राज कुमार राई,346,419
340,ठूली भेरी नगरपालिका,8,वडा अध्यक्ष,डोल्पा,6,हरि प्रसाद डाँगी,123,126
341,बुटवल उपमहानगरपालिका,6,वडा अध्यक्ष,रुपन्देही,5,जगदीश चन्‍द्र आचार्य,1001,1300
342,स्वामीकार्तिक गाउँपालिका,5,वडा अध्यक्ष,बाजुरा,7,बिस्नु बहादुर शाही,188,323
343,जलजला गाउँपालिका,6,वडा अध्यक्ष,पर्वत,4,हम बहादुर फकामी पुन,521,559
344,मर्स्याङदी गाउँपालिका,1,वडा अध्यक्ष,लमजुंग,4,रुद्र मान गुरुङ,0,310
345,जिरी  नगरपालिका,8,वडा अध्यक्ष,दोलखा,3,तेज बहादुर खड्का,416,474
346,भोटखोला गाउँपालिका,1,वडा अध्यक्ष,संखुवासभा,1,तेन्छेवी शेर्पा,80,100
347,कुसे गाउँपालिका,1,वडा अध्यक्ष,जाजरकोट,6,गोपाल बहादुर नेपाली,194,261
348,रुपाकोट मजुवागढी नगरपालिका,15,वडा अध्यक्ष,खोटाङ्ग,1,विरेन्द्र प्रसाद ढकाल,501,514
349,दुधौली नगरपालिका,2,वडा अध्यक्ष,सिन्धुली,3,रितेश राउत,819,864
350,चामे गाउँपालिका,5,वडा अध्यक्ष,मनाङ्ग,4,कैले गुरुङ,8,16
351,बुटवल उपमहानगरपालिका,2,वडा अध्यक्ष,रुपन्देही,5,रमेश प्रसाद नेपाल,470,1520
352,सूर्यविनायक नगरपालिका,4,वडा अध्यक्ष,भक्तपुर,3,उत्तम थापा,1164,1443
353,वालिङ नगरपालिका,4,वडा अध्यक्ष,स्याङ्जा,4,रन ध्वज गुरुङ्ग,597,631
354,अन्नपूर्ण गाउँपालिका,3,वडा अध्यक्ष,म्याग्दी,4,नरसिंहबहादुर पुर्जा,446,507
355,खोटेहाङ गाउँपालिका,7,वडा अध्यक्ष,खोटाङ्ग,1,शिव प्रसाद फयल,248,431
356,मेरिङदेन गाउँपालिका,6,वडा अध्यक्ष,ताप्लेजुंग,1,ठाकुर सिं लिम्बु,277,392
357,बेलडाडी गाउँपालिका,4,वडा अध्यक्ष,कन्चनपुर,7,विर बहादुर खड्का,323,402
358,राप्ती नगरपालिका,11,वडा अध्यक्ष,चितवन,3,हित बहादुर तमाङ,454,553
359,चन्द्रकोट गाउँपालिका,4,वडा अध्यक्ष,गुल्मी,5,भरत लाल थापा,746,784
360,बुटवल उपमहानगरपालिका,16,वडा अध्यक्ष,रुपन्देही,5,राम प्रसाद रेग्मी,658,933
361,दक्षिणकाली नगरपालिका,1,वडा अध्यक्ष,काठमाडौं,3,जय थापामगर,637,990
362,दुल्लु नगरपालिका,12,वडा अध्यक्ष,दैलेख,6,झुपाराम लम्साल,402,513
363,वेदकोट नगरपालिका,1,वडा अध्यक्ष,कन्चनपुर,7,हरि गिरी,574,677
364,छायाँनाथ रारा नगरपालिका,1,वडा अध्यक्ष,मुगु,6,लोक बहादुर हितान,279,303
365,गौमुल गाउँपालिका,3,वडा अध्यक्ष,बाजुरा,7,मान बहादुर बोहरा,335,380
366,धुनीबेंशी नगरपालिका,4,वडा अध्यक्ष,धादिङ्ग,3,हरि प्रसाद सुवेदी,524,960
367,आँधीखोला गाउँपालिका,3,वडा अध्यक्ष,स्याङ्जा,4,बिशणु बहादुर खत्री,522,647
368,मेची नगर नगरपालिका,11,वडा अध्यक्ष,झापा,1,सन्तोष कुमार मेचे,807,971
369,उमाकुण्ड गाउँपालिका,5,वडा अध्यक्ष,रामेछाप,3,कुविर बहादुर खत्री,289,436
370,बेलडाडी गाउँपालिका,5,वडा अध्यक्ष,कन्चनपुर,7,कृष्ण बहादुर रोकाया,652,727
371,पनौती नगरपालिका,3,वडा अध्यक्ष,काभ्रेपलाञ्चोक,3,किशोर थापा,631,1425
372,मोदी गाउँपालिका,7,वडा अध्यक्ष,पर्वत,4,बसन्त कुमार गुरुड्ग,437,638
373,कन्काई नगरपालिका,8,वडा अध्यक्ष,झापा,1,प्रेम बहादुर कटुवाल,750,775
374,भागेश्वर गाउँपालिका,2,वडा अध्यक्ष,डडेलधुरा,7,राजेन्द्र बोहरा,332,333
375,कमलामाई नगरपालिका,8,वडा अध्यक्ष,सिन्धुली,3,टीका बहादुर मुक्तान,745,835
376,गुल्मीदरवार गाउँपालिका,2,वडा अध्यक्ष,गुल्मी,5,हरीहर गौतम,975,1116
377,अन्नपुर्ण गाउँपालिका,11,वडा अध्यक्ष,कास्की,4,हिम बहादुर गुरुङ्ग,410,530
378,इलाम नगरपालिका,9,वडा अध्यक्ष,इलाम,1,श्याम कृष्ण घिमिरे,1196,1260
379,पाणिनी गाउँपालिका,7,वडा अध्यक्ष,अर्घाखांची,5,गुनाखर अधिकारी,843,985
380,सोरु गाउँपालिका,4,वडा अध्यक्ष,मुगु,6,डबले शाही,121,165
381,फतुवा बिजयपुर नगरपालिका,3,वडा अध्यक्ष,रौतहट,2,दिपनरायण साह सोनार,496,573
382,गोलन्जोर गाउँपालिका,7,वडा अध्यक्ष,सिन्धुली,3,रोम बहादुर देवकोटा,502,595
383,धुलिखेल नगरपालिका,2,वडा अध्यक्ष,काभ्रेपलाञ्चोक,3,राजन कोइराला,508,836
384,कोल्हवी नगरपालिका,4,वडा अध्यक्ष,बारा,2,मेष बहादुर ढकाल क्षेत्रि,599,668
385,काठेखोला गाउँपालिका,3,वडा अध्यक्ष,बागलुङ,4,याम बहादुर श्रीस,219,990
386,बराहपोखरी गाउँपालिका,5,वडा अध्यक्ष,खोटाङ्ग,1,फौद राज राई,347,401
387,ईस्मा गाउँपालिका,6,वडा अध्यक्ष,गुल्मी,5,हिरा बहादुर जि.सी,628,940
388,सरुमारानी गाउँपालिका,6,वडा अध्यक्ष,प्यूठान,5,तुल बहादुर रोका मगर,477,494
389,घोराही उपमहानगरपालिका,1,वडा अध्यक्ष,दाङ,5,राममणि पाण्‍डे,580,1009
390,गङ्गाजमुना गाउँपालिका,7,वडा अध्यक्ष,धादिङ्ग,3,बाबु राम न्यौपाने,742,911
391,बागलुङ नगरपालिका,6,वडा अध्यक्ष,बागलुङ,4,खिम राज सापकोटा,648,663
392,मंगलसेन नगरपालिका,4,वडा अध्यक्ष,अछाम,7,पदम बहादुर धामी,342,500
393,बोगटान गाउँपालिका,6,वडा अध्यक्ष,डोटी,7,विरेन्द्र वहादुर चन्द,375,434
394,देवचुली नगरपालिका,9,वडा अध्यक्ष,नवलपरासी (बर्दघाट सुस्ता पूर्व),4,मेख बहादुर थापा सारु मगर,573,628
395,नारायण नगरपालिका,3,वडा अध्यक्ष,दैलेख,6,चन्द्र प्रसाद उपाध्याय,369,384
396,भैरवी गाउँपालिका,7,वडा अध्यक्ष,दैलेख,6,छवीराम आचार्य,329,678
397,गल्याङ नगरपालिका,6,वडा अध्यक्ष,स्याङ्जा,4,टिकाराम भुसाल,523,709
398,गैडाकोट नगरपालिका,10,वडा अध्यक्ष,नवलपरासी (बर्दघाट सुस्ता पूर्व),4,देवी दत्त कंडेल,666,1001
399,काठेखोला गाउँपालिका,7,वडा अध्यक्ष,बागलुङ,4,प्रेम बहादुर जि.सी,415,1806
400,पाख्रिवास नगरपालिका,10,वडा अध्यक्ष,धनकुटा,1,हरि बहादुर खत्री,272,513
401,बढैयाताल गाउँपालिका,8,वडा अध्यक्ष,बर्दिया,5,सुन्दर मान श्रेष्‍ठ,1142,1321
402,तिलोत्तमा नगरपालिका,15,वडा अध्यक्ष,रुपन्देही,5,खेमराज गुरुङ्ग,89,1340
403,बेसीशहर नगरपालिका,8,वडा अध्यक्ष,लमजुंग,4,"पवित्रा थापा, राना",597,673
404,बाणगंगा नगरपालिका,2,वडा अध्यक्ष,कपिलवस्तु,5,विष्णु प्रसाद पौडेल,1457,2017
405,बुढीनन्दा नगरपालिका,4,वडा अध्यक्ष,बाजुरा,7,राजन  कुमार  रोकाया ,334,367
406,जिरी  नगरपालिका,6,वडा अध्यक्ष,दोलखा,3,गोपाल बहादुर कार्की,391,431
407,मध्यनेपाल नगरपालिका,3,वडा अध्यक्ष,लमजुंग,4,नेत्र बहादुर वस्नेत,413,470
408,सुरुङ्गा नगरपालिका,1,वडा अध्यक्ष,सप्तरी,2,मुक्ती कुमार कार्की,645,744
409,खाँडादेवी गाउँपालिका,3,वडा अध्यक्ष,रामेछाप,3,पुस्कर कुमार कार्की,866,1064
410,भगवतीमाई गाउँपालिका,6,वडा अध्यक्ष,दैलेख,6,बिर शंकर रोकाय,162,395
411,दुधकोशी गाउँपालिका,4,वडा अध्यक्ष,सोलुखुम्बु,1,डवल सिंह राई,272,327
412,विदुर नगरपालिका,6,वडा अध्यक्ष,नुवाकोट,3,राजु सडौला,638,716
413,सूर्यविनायक नगरपालिका,9,वडा अध्यक्ष,भक्तपुर,3,उपेन्द्र राज के सी,958,1258
414,हेटौडा उपमहानगरपालिका,10,वडा अध्यक्ष,मकवानपुर,3,किताप सिं लामा,694,856
415,रोङ गाउँपालिका,1,वडा अध्यक्ष,इलाम,1,बुद्धी बहादुर ढकाल,511,564
416,बुढीगंगा नगरपालिका,5,वडा अध्यक्ष,बाजुरा,7,केश बहादुर थापा,279,363
417,तलकोट गाउँपालिका,6,वडा अध्यक्ष,बझाङ्ग,7,प्यारु जेठारा,228,375
418,आठराई  गाउँपालिका,7,वडा अध्यक्ष,तेर्हथुम,1,रोहीत कन्दङवा,372,552
419,बराहपोखरी गाउँपालिका,1,वडा अध्यक्ष,खोटाङ्ग,1,ट‌कं कुमार मगर,598,626
420,घोराही उपमहानगरपालिका,2,वडा अध्यक्ष,दाङ,5,केशव राज आचार्य,1343,1565
421,मकवानपुरगढी गाउँपालिका,3,वडा अध्यक्ष,मकवानपुर,3,भागवत घिमिरे,625,700
422,खैरहनी नगरपालिका,10,वडा अध्यक्ष,चितवन,3,कारी राम चौधरी,1420,1652
423,पूर्वीचौकी गाउँपालिका,6,वडा अध्यक्ष,डोटी,7,देब बहादुर थापा,414,576
424,सोरु गाउँपालिका,5,वडा अध्यक्ष,मुगु,6,गणेश बहादुर बुढा,119,142
425,सुरुङ्गा नगरपालिका,4,वडा अध्यक्ष,सप्तरी,2,देवेन्‍द्र प्रसाद चौधरी,695,710
426,चापाकोट नगरपालिका,7,वडा अध्यक्ष,स्याङ्जा,4,रवि चन्द्र बस्ताकोटी,597,635
427,भुम्लु गाउँपालिका,2,वडा अध्यक्ष,काभ्रेपलाञ्चोक,3,कृष्ण कुमार कार्की,377,385
428,छेडेदह गाउँपालिका,7,वडा अध्यक्ष,बाजुरा,7,खगेन्द्र बहादुर रावत,531,641
429,बुटवल उपमहानगरपालिका,15,वडा अध्यक्ष,रुपन्देही,5,डम्बर बहादुर भण्डारी,965,966
430,बेलवारी नगरपालिका,11,वडा अध्यक्ष,मोरङ्ग,1,यम बहादुर पोख्रेल,1150,1550
431,जन्तेढुंगा गाउँपालिका,6,वडा अध्यक्ष,खोटाङ्ग,1,शुक देव राई,229,358
432,गुठिचौर गाउँपालिका,3,वडा अध्यक्ष,जुम्ला,6,प्रेम बहादुर बुढा,283,289
433,मुखियापट्टी मुसहरमिया गाउँपालिका,5,वडा अध्यक्ष,धनुषा,2,नरेश यादव,440,501
434,खैरहनी नगरपालिका,7,वडा अध्यक्ष,चितवन,3,मनेजर महतो,639,777
435,तिलोत्तमा नगरपालिका,6,वडा अध्यक्ष,रुपन्देही,5,सुखदेव न्‍यौपाने,113,2088
436,अमरगढी नगरपालिका,4,वडा अध्यक्ष,डडेलधुरा,7,दिपेन्द्र थापा,252,277
437,सैनामैना नगरपालिका,5,वडा अध्यक्ष,रुपन्देही,5,परसुराम सापकोटा,1280,1336
438,शैल्यशिखर नगरपालिका,8,वडा अध्यक्ष,दार्चुला,7,अजव सिह विष्ट,470,529
439,बर्दघाट नगरपालिका,5,वडा अध्यक्ष,नवलपरासी (बर्दघाट सुस्ता पश्चिम),5,रेशमी राज भट्टराई,723,825
440,मेलौली नगरपालिका,3,वडा अध्यक्ष,बैतडी,7,रघुविर सिंह भाट,208,213
441,कमलामाई नगरपालिका,7,वडा अध्यक्ष,सिन्धुली,3,कर्ण बहादुर घिसिङ्ग,712,1209
442,साफेबगर नगरपालिका,14,वडा अध्यक्ष,अछाम,7,कर्ण बहादुर साउद,387,496
443,बर्दघाट नगरपालिका,13,वडा अध्यक्ष,नवलपरासी (बर्दघाट सुस्ता पश्चिम),5,नर बहादुर चौधरी,952,1243
444,नारायण नगरपालिका,10,वडा अध्यक्ष,दैलेख,6,लोक बहादुर थापा,381,451
445,रुरु गाउँपालिका,1,वडा अध्यक्ष,गुल्मी,5,रामलाल वि.क.,449,1077
446,तातोपानी गाउँपालिका,8,वडा अध्यक्ष,जुम्ला,6,कृष्ण बहादुर शाही,79,308
447,दुहवी नगरपालिका,7,वडा अध्यक्ष,सुनसरी,1,विजय कुमार चौधरी,321,477
448,सितगंगा नगरपालिका,13,वडा अध्यक्ष,अर्घाखांची,5,दुर्गा बहादुर वि.सी.,430,619
449,वडिगाड गाउँपालिका,2,वडा अध्यक्ष,बागलुङ,4,विष्णु प्रसाद भुसाल,406,614
450,बुढीगंगा नगरपालिका,9,वडा अध्यक्ष,बाजुरा,7,भरत बहादुर थापा,287,500
451,सूर्यविनायक नगरपालिका,5,वडा अध्यक्ष,भक्तपुर,3,राज कुमार जोशी,1002,1480
452,भानु नगरपालिका,8,वडा अध्यक्ष,तनहुँ,4,भरतराज ढकाल,768,933
453,फालेलुङ गाउँपालिका,1,वडा अध्यक्ष,पाँचथर,1,श्री प्रसाद जवेगु,440,500
454,आदर्श गाउँपालिका,7,वडा अध्यक्ष,डोटी,7,लाल विष्ट,242,355
455,गजुरी गाउँपालिका,2,वडा अध्यक्ष,धादिङ्ग,3,चुडा मणि कडेल,509,837
456,तेमाल गाउँपालिका,1,वडा अध्यक्ष,काभ्रेपलाञ्चोक,3,मान बहादुर श्रेष्‍ठ,365,524
457,केपिलासगढी गाउँपालिका,6,वडा अध्यक्ष,खोटाङ्ग,1,अशोक कुमार राई,158,173
458,बेसीशहर नगरपालिका,7,वडा अध्यक्ष,लमजुंग,4,गोविन्द बस्नेत,495,957
459,इलाम नगरपालिका,2,वडा अध्यक्ष,इलाम,1,नारद प्रसाद लम्साल,566,787
460,खानीखोला गाउँपालिका,5,वडा अध्यक्ष,काभ्रेपलाञ्चोक,3,दुर्गा प्रसाद तिमल्सिना,305,382
461,मादी गाउँपालिका,1,वडा अध्यक्ष,कास्की,4,सुरज कुमार गुरुङ्ग,522,626
462,देवचुली नगरपालिका,12,वडा अध्यक्ष,नवलपरासी (बर्दघाट सुस्ता पूर्व),4,दिना नाथ भुसाल,595,628
463,राप्ती नगरपालिका,4,वडा अध्यक्ष,चितवन,3,शमशेर लामा,937,1165
464,ढोरपाटन नगरपालिका,9,वडा अध्यक्ष,बागलुङ,4,हरि बहादुर घर्ती मगर,232,267
465,महाशिला गाउँपालिका,3,वडा अध्यक्ष,पर्वत,4,कर्ण प्रताप गुरुङ्ग,212,359
466,ब्यास गाउँपालिका,1,वडा अध्यक्ष,दार्चुला,7,अशोक सिंह बोहरा,130,165
467,फुङलिङ नगरपालिका,1,वडा अध्यक्ष,ताप्लेजुंग,1,पदम बहादुर सुनुवार,195,261
468,गल्छी गाउँपालिका,1,वडा अध्यक्ष,धादिङ्ग,3,पुर्ण प्रसाद खतिवडा,829,881
469,बेनी  नगरपालिका,7,वडा अध्यक्ष,म्याग्दी,4,राजेन्द्र कुमार श्रेष्ठ,279,323
470,कचनकवल गाउँपालिका,2,वडा अध्यक्ष,झापा,1,मेख बहादुर भट्टराई,619,679
471,भोटखोला गाउँपालिका,4,वडा अध्यक्ष,संखुवासभा,1,किन्साङ भोटे,327,418
472,कमलबजार नगरपालिका,4,वडा अध्यक्ष,अछाम,7,ललित ढोली,357,477
473,सिम्ता गाउँपालिका,5,वडा अध्यक्ष,सुर्खेत,6,मोहन कुमार वि.सी.,377,416
474,नौगाड गाउँपालिका,2,वडा अध्यक्ष,दार्चुला,7,नारायण ठगुन्ना,459,501
475,देवघाट गाउँपालिका,5,वडा अध्यक्ष,तनहुँ,4,याल वहादुर गुरुङ्ग,1235,1250
476,निस्दी गाउँपालिका,3,वडा अध्यक्ष,पाल्पा,5,लक्ष्मी प्रसाद पाटा मगर,350,824
477,सैनामैना नगरपालिका,9,वडा अध्यक्ष,रुपन्देही,5,डोल नाथ भण्डारी,746,753
478,मेलुङ  गाउँपालिका,3,वडा अध्यक्ष,दोलखा,3,हिरा कुमार तमाङ,373,626
479,मेलुङ  गाउँपालिका,7,वडा अध्यक्ष,दोलखा,3,नवराज खड्का,375,595
480,थाक्रे गाउँपालिका,9,वडा अध्यक्ष,धादिङ्ग,3,दिल बहादुर भुजेल,538,858
481,बेसीशहर नगरपालिका,6,वडा अध्यक्ष,लमजुंग,4,भोज बहादुर रिमाल,406,848
482,कुश्मा नगरपालिका,3,वडा अध्यक्ष,पर्वत,4,तेज प्रसाद पाध्या,810,916
483,विरुवा गाउँपालिका,2,वडा अध्यक्ष,स्याङ्जा,4,बुद्ध वहादुर आले,323,400
484,विर्तामोड नगरपालिका,1,वडा अध्यक्ष,झापा,1,अग्नी प्रसाद पाण्डे,914,1272
485,विजयनगर गाउँपालिका,7,वडा अध्यक्ष,कपिलवस्तु,5,दिनेश कुमार चौधरी,366,491
486,शिवनाथ गाउँपालिका,2,वडा अध्यक्ष,बैतडी,7,हजारी सिंह साउंद,626,722
487,घिरिङ गाउँपालिका,2,वडा अध्यक्ष,तनहुँ,4,पुर्ण बहादुर थापा,367,904
488,कुश्मा नगरपालिका,11,वडा अध्यक्ष,पर्वत,4,शिव प्रसाद पौडेल,584,737
489,फाकफोकथुम गाउँपालिका,4,वडा अध्यक्ष,इलाम,1,हरी प्रसाद दंगाली,823,875
490,पुतलीबजार नगरपालिका,14,वडा अध्यक्ष,स्याङ्जा,4,शेष राज ढकाल,957,1280
491,छबिसपाथिभेरा गाउँपालिका,3,वडा अध्यक्ष,बझाङ्ग,7,केशव राज जैशी,408,424
492,बुंगल नगरपालिका,7,वडा अध्यक्ष,बझाङ्ग,7,टंक प्रसाद जोशी,311,597
493,दुधकोशी गाउँपालिका,2,वडा अध्यक्ष,सोलुखुम्बु,1,तेज बहादुर थापामगर,226,326
494,जन्तेढुंगा गाउँपालिका,4,वडा अध्यक्ष,खोटाङ्ग,1,विदुर मान राई,368,433
495,हेटौडा उपमहानगरपालिका,8,वडा अध्यक्ष,मकवानपुर,3,गोपाल बहादुर श्रेष्‍ठ,1358,1597
496,भैरवी गाउँपालिका,4,वडा अध्यक्ष,दैलेख,6,बिरेन्द्र बहादुर शाही,388,531
497,थलारा गाउँपालिका,4,वडा अध्यक्ष,बझाङ्ग,7,विष्णु वहादुर विष्ट,238,445
498,पोखरा लेखनाथ महानगरपालिका,25,वडा अध्यक्ष,कास्की,4,शोभाकर तिम्सीना,2138,2165
499,छायाँनाथ रारा नगरपालिका,2,वडा अध्यक्ष,मुगु,6,परेग राज चौलागाई,140,151
500,शिवालय गाउँपालिका,3,वडा अध्यक्ष,जाजरकोट,6,प्रेम देव शर्मा,246,331
501,रामारोशन गाउँपालिका,2,वडा अध्यक्ष,अछाम,7,चक्र बहादुर रावल,227,237
502,तामाकोशी  गाउँपालिका,6,वडा अध्यक्ष,दोलखा,3,झनक बहादुर फूयाल(खत्री),648,710
503,म्याङलुङ नगरपालिका,8,वडा अध्यक्ष,तेर्हथुम,1,सुनिल लिम्बू,186,342
504,कोहलपुर नगरपालिका,8,वडा अध्यक्ष,बाँके,5,रेशम बहादुर खत्री,768,781
505,हिलिहाङ गाउँपालिका,3,वडा अध्यक्ष,पाँचथर,1,मदन गौतम,242,489
506,माईजोगमाई गाउँपालिका,6,वडा अध्यक्ष,इलाम,1,भवानी प्रसाद लिङ्दम/लिम्बु,450,893
507,चौविसे गाउँपालिका,5,वडा अध्यक्ष,धनकुटा,1,पदम कुमार देवान,382,658
508,मुखियापट्टी मुसहरमिया गाउँपालिका,6,वडा अध्यक्ष,धनुषा,2,धमर्मेनद्र कुमार यादव,743,849
509,वैतेश्वर  गाउँपालिका,4,वडा अध्यक्ष,दोलखा,3,कुमार चौलागाईं,139,1667
510,जीतपुरसिमरा उपमहानगरपालिका,13,वडा अध्यक्ष,बारा,2,राजेन्‍द्र प्रसाद सिंह थारु,362,434
511,नेपालगंज उपमहानगरपालिका,18,वडा अध्यक्ष,बाँके,5,दीपक कुमार वर्मा,843,1365
512,हरीनास गाउँपालिका,3,वडा अध्यक्ष,स्याङ्जा,4,लेख बहादुर क्षेत्री,500,541
513,बागलुङ नगरपालिका,2,वडा अध्यक्ष,बागलुङ,4,जिबन आचार्य,527,582
514,कागेश्वरी मनोहरा नगरपालिका,9,वडा अध्यक्ष,काठमाडौं,3,कुन्दन खड्का,1485,1721
515,मेल्लेख गाउँपालिका,6,वडा अध्यक्ष,अछाम,7,नरपती रावल,514,818
516,नौमुले गाउँपालिका,8,वडा अध्यक्ष,दैलेख,6,मोहन कुमार राना मगर,509,511
517,ईस्मा गाउँपालिका,2,वडा अध्यक्ष,गुल्मी,5,टिका बहादुर रेश्‍मी,686,871
518,पटेर्वा सुगौली गाउँपालिका,5,वडा अध्यक्ष,पर्सा,2,मोती लाल साह,562,913
519,बाह्गाउँ मुक्तिक्षेत्र गाउँपालिका,1,वडा अध्यक्ष,मुस्तांग,4,विर बहादुर गुरुङ,154,155
520,चौरपाटी गाउँपालिका,6,वडा अध्यक्ष,अछाम,7,मने साउद,369,463
521,सूर्यविनायक नगरपालिका,1,वडा अध्यक्ष,भक्तपुर,3,सानु काजी कायष्‍ठ,1017,1647
522,नेस्याङ गाउँपालिका,8,वडा अध्यक्ष,मनाङ्ग,4,टसि फुन्जो गुरुङ,80,129
523,इलाम नगरपालिका,10,वडा अध्यक्ष,इलाम,1,रोम बहादुर मगर,1076,1187
524,जोरायल गाउँपालिका,6,वडा अध्यक्ष,डोटी,7,लाल बहादुर साउँद,477,484
525,रत्ननगर नगरपालिका,8,वडा अध्यक्ष,चितवन,3,विनोद वस्‍नेत,650,949
526,तिलोत्तमा नगरपालिका,3,वडा अध्यक्ष,रुपन्देही,5,टंक प्रसाद तीवारी,1230,1295
527,भक्तपुर नगरपालिका,7,वडा अध्यक्ष,भक्तपुर,3,उकेश कवां,288,438
528,धुर्कोट गाउँपालिका,7,वडा अध्यक्ष,गुल्मी,5,हिम प्रसाद पन्थी,626,902
529,बुटवल उपमहानगरपालिका,7,वडा अध्यक्ष,रुपन्देही,5,कमल प्रताप थापा,1673,1874
530,जयपृथ्वी नगरपालिका,3,वडा अध्यक्ष,बझाङ्ग,7,कलक बहादुर वली,418,521
531,विराटनगर महानगरपालिका,2,वडा अध्यक्ष,मोरङ्ग,1,कुमार पोखरेल,865,995
532,ज्वालामूखी गाउँपालिका,7,वडा अध्यक्ष,धादिङ्ग,3,तेज नाथ लोहनी,793,800
533,ताँजाकोट गाउँपालिका,2,वडा अध्यक्ष,हुम्ला,6,अज मल बुढा,157,218
534,शिवराज नगरपालिका,5,वडा अध्यक्ष,कपिलवस्तु,5,अर्जुन बहादुर पाण्‍डे,803,929
535,मष्टा गाउँपालिका,5,वडा अध्यक्ष,बझाङ्ग,7,कम्मान आग्री,262,272
536,सुन्दरबजार नगरपालिका,6,वडा अध्यक्ष,लमजुंग,4,रघुनाथ मिश्र,428,754
537,जलजला गाउँपालिका,1,वडा अध्यक्ष,पर्वत,4,तुलसीराम रेग्मी,255,276
538,पोखरा लेखनाथ महानगरपालिका,13,वडा अध्यक्ष,कास्की,4,लेख बहादुर तामाङ,2192,2606
539,कुम्मायक गाउँपालिका,4,वडा अध्यक्ष,पाँचथर,1,पूर्ण कुमार खडका,87,557
540,चौविसे गाउँपालिका,8,वडा अध्यक्ष,धनकुटा,1,धन बहादुर लिम्बु,551,605
541,वैतेश्वर  गाउँपालिका,7,वडा अध्यक्ष,दोलखा,3,रेशम राजस्‍वराज रिमाल,522,942
542,छत्रकोट गाउँपालिका,3,वडा अध्यक्ष,गुल्मी,5,तेजकान्त अर्याल,1032,1373
543,मष्टा गाउँपालिका,7,वडा अध्यक्ष,बझाङ्ग,7,बम्म बोहरा,246,479
544,रूपा गाउँपालिका,5,वडा अध्यक्ष,कास्की,4,टेक बहादुर गुरुङ्ग,477,959
545,मोदी गाउँपालिका,8,वडा अध्यक्ष,पर्वत,4,सुक वहादुर गुरुङ्ग,338,502
546,जिरी  नगरपालिका,9,वडा अध्यक्ष,दोलखा,3,ज्ञान बहादुर सुनुवार,266,514
547,भरतपुर महानगरपालिका,24,वडा अध्यक्ष,चितवन,3,कान्‍छा मल्‍ल,560,632
548,पञ्चपुरी नगरपालिका,1,वडा अध्यक्ष,सुर्खेत,6,धन बहादुर थापा,302,438
549,बनेपा नगरपालिका,6,वडा अध्यक्ष,काभ्रेपलाञ्चोक,3,सचिता नन्द के.सी.,546,577
550,तिलोत्तमा नगरपालिका,7,वडा अध्यक्ष,रुपन्देही,5,दुर्गा प्रसाद पाण्डे,301,1860
551,वडिगाड गाउँपालिका,9,वडा अध्यक्ष,बागलुङ,4,कृष्ण०८३१९९७ बहादुर खत्री,359,432
552,पौवादुङमा गाउँपालिका,6,वडा अध्यक्ष,भोजपुर,1,दिपक राई,216,488
553,ब्यास गाउँपालिका,3,वडा अध्यक्ष,दार्चुला,7,उपेन्द्र सिह धामी,281,323
554,सखुवा प्रसौनी गाउँपालिका,1,वडा अध्यक्ष,पर्सा,2,बिसनाथ पटवारी थारु,680,783
555,वालिङ नगरपालिका,10,वडा अध्यक्ष,स्याङ्जा,4,अनन्त राज गैह्रे,321,735
556,बनगाड कुपिण्डे नगरपालिका,1,वडा अध्यक्ष,सल्यान,6,शान्त कुमार एरी,310,658
557,घोराही उपमहानगरपालिका,16,वडा अध्यक्ष,दाङ,5,लछिन प्रसाद वुढा,1063,1213
558,रत्ननगर नगरपालिका,5,वडा अध्यक्ष,चितवन,3,कृष्ण महतो,872,906
559,सभापोखरी गाउँपालिका,5,वडा अध्यक्ष,संखुवासभा,1,यम बहादुर सुब्वा,162,220
560,शिवनाथ गाउँपालिका,1,वडा अध्यक्ष,बैतडी,7,करन राम पार्की,543,578
561,सुन्दरबजार नगरपालिका,8,वडा अध्यक्ष,लमजुंग,4,कृष्‍ण कान्त अधिकारी,302,391
562,निजगढ नगरपालिका,7,वडा अध्यक्ष,बारा,2,रामजी प्रसाद वजगांइ,723,776
563,रूपा गाउँपालिका,4,वडा अध्यक्ष,कास्की,4,मुकुन्द बहादुर वंशी,356,513
564,रम्भा गाउँपालिका,1,वडा अध्यक्ष,पाल्पा,5,कृष्ण प्रसाद रेग्मी,1121,1329
565,महाङ्काल गाउँपालिका,4,वडा अध्यक्ष,ललितपुर,3,शान्ता प्रसाद गौतम,414,532
566,लहान नगरपालिका,5,वडा अध्यक्ष,सिराहा,2,सुलेमान मिया(अंसारी),583,626
567,मालारानी गाउँपालिका,8,वडा अध्यक्ष,अर्घाखांची,5,नरेन्द्र कुमार बस्नेत,459,556
568,तुम्वेवा गाउँपालिका,3,वडा अध्यक्ष,पाँचथर,1,कमल थापा,366,415
569,सोताङ गाउँपालिका,5,वडा अध्यक्ष,सोलुखुम्बु,1,पृथ्वी बहादुर थापा,448,521
570,खजुरा गाउँपालिका,1,वडा अध्यक्ष,बाँके,5,सुमन मल्ल,700,1058
571,रामप्रसाद राई गाउँपालिका,6,वडा अध्यक्ष,भोजपुर,1,पर्शुराम राई,350,415
572,तारकेश्वर नगरपालिका,4,वडा अध्यक्ष,काठमाडौं,3,नरेन्द्र दाश श्रेष्ठ,552,599
573,चन्दननाथ नगरपालिका,8,वडा अध्यक्ष,जुम्ला,6,नर जीत दमाइ,240,300
574,दोर्दी गाउँपालिका,3,वडा अध्यक्ष,लमजुंग,4,ईन्‍द्र जित गुरुङ,347,443
575,बुद्धभूमी नगरपालिका,3,वडा अध्यक्ष,कपिलवस्तु,5,गोविन्द प्रसाद आचार्य,1109,1251
576,दुल्लु नगरपालिका,11,वडा अध्यक्ष,दैलेख,6,खगेन्द्र बहादुर थापा,790,920
577,साफेबगर नगरपालिका,9,वडा अध्यक्ष,अछाम,7,धु्र्व बहादुर थापा,255,602
578,पोखरा लेखनाथ महानगरपालिका,26,वडा अध्यक्ष,कास्की,4,नारायण प्रसाद बराल,2103,2130
579,खोटेहाङ गाउँपालिका,4,वडा अध्यक्ष,खोटाङ्ग,1,कृतन राई,353,368
580,गल्याङ नगरपालिका,11,वडा अध्यक्ष,स्याङ्जा,4,शंकर देव अधिकारी,948,1101
581,गुराँस गाउँपालिका,1,वडा अध्यक्ष,दैलेख,6,नर बहादुर रामजाली मगर,359,385
582,देउमाई नगरपालिका,8,वडा अध्यक्ष,इलाम,1,चन्द्र बहादुर मगर,447,1069
583,शिवसताक्षि नगरपालिका,3,वडा अध्यक्ष,झापा,1,पुण्य प्रसाद सापकोटा,505,807
584,राप्ती नगरपालिका,7,वडा अध्यक्ष,चितवन,3,सुमिता डल्लाकोटी,965,1095
585,बाह्रदशी गाउँपालिका,2,वडा अध्यक्ष,झापा,1,यादव प्रसाद मिश्र,1022,1038
586,गौरिशंकर  गाउँपालिका,6,वडा अध्यक्ष,दोलखा,3,पेम्वा शेर्पा,262,468
587,छेडागाड नगरपालिका,4,वडा अध्यक्ष,जाजरकोट,6,गणेश बहादुर थापा,364,367
588,पञ्चपुरी नगरपालिका,5,वडा अध्यक्ष,सुर्खेत,6,होम बहादुर रामजली,537,586
589,विर्तामोड नगरपालिका,5,वडा अध्यक्ष,झापा,1,राजेन्द्र प्रसाद लिङ्गदेन,1795,2104
590,सुन्दरहरैंचा नगरपालिका,12,वडा अध्यक्ष,मोरङ्ग,1,रोशन प्रसाद ढकाल,1009,1648
591,गौमुल गाउँपालिका,1,वडा अध्यक्ष,बाजुरा,7,बल बहादुर रोकाया,114,590
592,राप्ती नगरपालिका,5,वडा अध्यक्ष,चितवन,3,मेनुका पाठक,484,686
593,हतुवागढी गाउँपालिका,4,वडा अध्यक्ष,भोजपुर,1,चन्द्र बहादुर विष्‍ट,417,464
594,काठेखोला गाउँपालिका,6,वडा अध्यक्ष,बागलुङ,4,युक्त प्रसाद कँडेल,507,673
595,विजयनगर गाउँपालिका,1,वडा अध्यक्ष,कपिलवस्तु,5,इन्‍दर थारु,576,811
596,नारायण नगरपालिका,1,वडा अध्यक्ष,दैलेख,6,तीर्थनारायण श्रेष्ठ,445,514
597,फक्ताङलुङ गाउँपालिका,5,वडा अध्यक्ष,ताप्लेजुंग,1,देउ प्रसाद लिम्बु,208,215
598,काठमाण्डौ महानगरपालिका,24,वडा अध्यक्ष,काठमाडौं,3,बाल कृष्ण श्रेष्ठ,1068,1452
599,गुर्भाकोट नगरपालिका,1,वडा अध्यक्ष,सुर्खेत,6,लाल बहादुर खासु,499,736
600,ईनरुवा नगरपालिका,3,वडा अध्यक्ष,सुनसरी,1,कालुराम गुरुङ्ग,1270,1296
601,बुढीगंगा नगरपालिका,2,वडा अध्यक्ष,बाजुरा,7,हिरा लाल थापा,311,496
602,विर्तामोड नगरपालिका,2,वडा अध्यक्ष,झापा,1,नगेन्द्र प्रसाद संगौला,1426,1579
603,ट्याम्केमैयुम गाउँपालिका,3,वडा अध्यक्ष,भोजपुर,1,पुर्ण प्रसाद राई,284,300
604,मन्थली नगरपालिका,13,वडा अध्यक्ष,रामेछाप,3,राजेन्द्र चौहान,484,734
605,भक्तपुर नगरपालिका,8,वडा अध्यक्ष,भक्तपुर,3,महेन्द्र खायमली,169,404
606,खत्याड गाउँपालिका,10,वडा अध्यक्ष,मुगु,6,तिलक बहादुर रावल,254,303
607,बाह्रदशी गाउँपालिका,5,वडा अध्यक्ष,झापा,1,भुपेन्द्र कटुवाल,401,1269
608,बाणगंगा नगरपालिका,9,वडा अध्यक्ष,कपिलवस्तु,5,धुव्र बेल्‍वासे,1286,1422
609,दुहवी नगरपालिका,1,वडा अध्यक्ष,सुनसरी,1,मो. अजुल हुसैन,348,548
610,रामपुर नगरपालिका,10,वडा अध्यक्ष,पाल्पा,5,लिल वहादुर गाहा,843,1213
611,बगनासकाली गाउँपालिका,5,वडा अध्यक्ष,पाल्पा,5,इश्‍वर कुमार राना,463,676
612,पाटन नगरपालिका,4,वडा अध्यक्ष,बैतडी,7,दीपक सिह विष्ट,405,431
613,आँधीखोला गाउँपालिका,6,वडा अध्यक्ष,स्याङ्जा,4,कृष्ण प्रसाद ढकाल,647,898
614,काठमाण्डौ महानगरपालिका,1,वडा अध्यक्ष,काठमाडौं,3,भरत लाल श्रेष्‍ठ,721,1035
615,अर्जुनधारा नगरपालिका,4,वडा अध्यक्ष,झापा,1,दुर्गा प्रसाद दाहाल,1065,1118
616,काईके गाउँपालिका,7,वडा अध्यक्ष,डोल्पा,6,रामचन्द्र  रोकाय,14,71
617,मुगुम कार्मारोंग गाउँपालिका,5,वडा अध्यक्ष,मुगु,6,छवाङ ग्यालजन तामाङ,83,131
618,मेरिङदेन गाउँपालिका,3,वडा अध्यक्ष,ताप्लेजुंग,1,गणेश प्रसाद भण्डारी,251,304
619,विहादी गाउँपालिका,5,वडा अध्यक्ष,पर्वत,4,श्याम बहादुर के.सी,476,503
620,मुगुम कार्मारोंग गाउँपालिका,1,वडा अध्यक्ष,मुगु,6,सुनाम याङजी तामाङ,93,103
621,तातोपानी गाउँपालिका,4,वडा अध्यक्ष,जुम्ला,6,धिर जेसी,388,445
622,कावासोती नगरपालिका,12,वडा अध्यक्ष,नवलपरासी (बर्दघाट सुस्ता पूर्व),4,खेम प्रसाद काफ्ले,464,493
623,पूर्वीचौकी गाउँपालिका,5,वडा अध्यक्ष,डोटी,7,पदम बहादुर धानुक,497,878
624,अमरगढी नगरपालिका,5,वडा अध्यक्ष,डडेलधुरा,7,खेम राज पाठक,375,458
625,कालिका नगरपालिका,11,वडा अध्यक्ष,चितवन,3,कृष्ण बहादुर प्रजा,299,316
626,पञ्चपुरी नगरपालिका,9,वडा अध्यक्ष,सुर्खेत,6,शान्ति राज खराल,600,689
627,सन्धिखर्क नगरपालिका,10,वडा अध्यक्ष,अर्घाखांची,5,लक्ष्मी नारायण चुँदाली,557,639
628,गोदावरी नगरपालिका,13,वडा अध्यक्ष,ललितपुर,3,भास्कर थापा,859,971
629,सैनामैना नगरपालिका,2,वडा अध्यक्ष,रुपन्देही,5,कामदेव भुसाल,774,791
630,धवलागिरी गाउँपालिका,2,वडा अध्यक्ष,म्याग्दी,4,गम प्रसाद बि.क.,158,294
631,सिरीजङ्घा गाउँपालिका,1,वडा अध्यक्ष,ताप्लेजुंग,1,उर्मिला थेबे,354,507
632,दशरथचन्द नगरपालिका,5,वडा अध्यक्ष,बैतडी,7,नारायण प्रसाद भट्ट,380,513
633,बागलुङ नगरपालिका,4,वडा अध्यक्ष,बागलुङ,4,ध्रुब बहादुर के.सी,712,816
634,डुंगेश्वर गाउँपालिका,2,वडा अध्यक्ष,दैलेख,6,राजु कुमार खत्री,756,764
635,दमक नगरपालिका,3,वडा अध्यक्ष,झापा,1,नवीन वराल,1184,2033
636,सिद्दिचरण नगरपालिका,4,वडा अध्यक्ष,ओखलढुंगा,1,रत्‍न बहादुर गुरुङ,376,648
637,सियारी गाउँपालिका,6,वडा अध्यक्ष,रुपन्देही,5,शेर बहादुर गुरुङ्ग,828,1438
638,चन्द्रागिरी नगरपालिका,15,वडा अध्यक्ष,काठमाडौं,3,उत्तम बहादुर राउत,1240,1395
639,भिमेश्वर  नगरपालिका,5,वडा अध्यक्ष,दोलखा,3,रामचन्द्र बस्नेत,691,1340
640,कुश्मा नगरपालिका,13,वडा अध्यक्ष,पर्वत,4,जङ्ग बहादुर के.सी.,460,476
641,छत्रदेव गाउँपालिका,3,वडा अध्यक्ष,अर्घाखांची,5,तेज प्रसाद खनाल,630,785
642,सन्दकपुर गाउँपालिका,3,वडा अध्यक्ष,इलाम,1,कृष्ण प्रसाद पाठक,730,954
643,मण्डनदेउपुर नगरपालिका,3,वडा अध्यक्ष,काभ्रेपलाञ्चोक,3,दिल बहादुर तामाङ,566,651
644,बर्जु गाउँपालिका,6,वडा अध्यक्ष,सुनसरी,1,बिनोद कुमार चौधरी,512,848
645,ईस्मा गाउँपालिका,4,वडा अध्यक्ष,गुल्मी,5,गनु प्रसाद अधिकारी,750,1006
646,गैडाकोट नगरपालिका,9,वडा अध्यक्ष,नवलपरासी (बर्दघाट सुस्ता पूर्व),4,प्रेम प्रसाद सापकोटा,309,319
647,भोजपुर नगरपालिका,9,वडा अध्यक्ष,भोजपुर,1,राम बहादुर तामाङ्ग,239,282
648,अर्जुन चौपारी गाउँपालिका,1,वडा अध्यक्ष,स्याङ्जा,4,चित्र बहादुर विष्ट क्षेत्री,793,794
649,जोरायल गाउँपालिका,4,वडा अध्यक्ष,डोटी,7,नन्द राज भट्ट,838,1208
650,पुतलीबजार नगरपालिका,13,वडा अध्यक्ष,स्याङ्जा,4,ख्याम नारायण अधिकारी,879,1736
651,मदाने गाउँपालिका,1,वडा अध्यक्ष,गुल्मी,5,प्रेम चन्द वोहोरा,347,575
652,तिलोत्तमा नगरपालिका,11,वडा अध्यक्ष,रुपन्देही,5,मुक्ति नारायण चौधरी थारु,1957,1963
653,तामाकोशी  गाउँपालिका,5,वडा अध्यक्ष,दोलखा,3,राज कुमार रोकाहा,149,718
654,पथरी शनिश्चरे नगरपालिका,1,वडा अध्यक्ष,मोरङ्ग,1,बाबुराम एङदेन,1091,1529
655,निस्दी गाउँपालिका,2,वडा अध्यक्ष,पाल्पा,5,पूर्ण बहादुर थापा वाकावल,98,740
656,पोखरा लेखनाथ महानगरपालिका,1,वडा अध्यक्ष,कास्की,4,शारदा कुमारी पराजुली,1093,1113
657,फलेवास नगरपालिका,7,वडा अध्यक्ष,पर्वत,4,हरीराम रेग्‍मी,329,361
658,पोखरा लेखनाथ महानगरपालिका,21,वडा अध्यक्ष,कास्की,4,खगराज आचार्य,1541,2544
659,माछापुछ्रे गाउँपालिका,9,वडा अध्यक्ष,कास्की,4,दुर्गा बहादुर क्षत्री,312,349
660,विरुवा गाउँपालिका,3,वडा अध्यक्ष,स्याङ्जा,4,सन्त बहादुर आले,436,490
661,भेरी नगरपालिका,7,वडा अध्यक्ष,जाजरकोट,6,चन्द्र बहादुर शाही,518,555
662,क्षिरेश्वरनाथ नगरपालिका,10,वडा अध्यक्ष,धनुषा,2,रामपदारथ यादव,268,434
663,चन्द्रागिरी नगरपालिका,11,वडा अध्यक्ष,काठमाडौं,3,हरि भक्‍त महर्जन,326,357
664,हेटौडा उपमहानगरपालिका,9,वडा अध्यक्ष,मकवानपुर,3,लक्ष्‍मन प्रसाद भण्डारी,1531,1670
665,फलेवास नगरपालिका,5,वडा अध्यक्ष,पर्वत,4,दिपक शर्मा पौडेल,335,739
666,गरुडा नगरपालिका,6,वडा अध्यक्ष,रौतहट,2,अशोक प्रसाद यादव,880,1411
667,आमचोक गाउँपालिका,3,वडा अध्यक्ष,भोजपुर,1,गणेश बहादुर खत्री,383,475
668,षडानन्द नगरपालिका,14,वडा अध्यक्ष,भोजपुर,1,झंक बहादुर रोका,279,423
669,हरिपुर नगरपालिका,8,वडा अध्यक्ष,सर्लाही,2,हरि बहादुर थापा,439,487
670,भिरकोट नगरपालिका,3,वडा अध्यक्ष,स्याङ्जा,4,बाबुराम श्रेष्‍ठ,802,821
671,सैनामैना नगरपालिका,8,वडा अध्यक्ष,रुपन्देही,5,रामशरण न्यौपाने,697,944
672,मालारानी गाउँपालिका,3,वडा अध्यक्ष,अर्घाखांची,5,जीवन कुमार चौहान,975,1004
673,राक्सिराङ्ग गाउँपालिका,3,वडा अध्यक्ष,मकवानपुर,3,बाबु लाल स्‍याङ्तान,685,693
674,मध्यनेपाल नगरपालिका,9,वडा अध्यक्ष,लमजुंग,4,सूर्य बहादुर कुँवर,395,477
675,मोलुङ गाउँपालिका,8,वडा अध्यक्ष,ओखलढुंगा,1,हरी कुमार राई,325,434
676,रामधुनी नगरपालिका,2,वडा अध्यक्ष,सुनसरी,1,राम नारायण चौधरी,617,822
677,बुटवल उपमहानगरपालिका,11,वडा अध्यक्ष,रुपन्देही,5,रामचन्द्र क्षेत्री,2491,4733
678,प्यूठान नगरपालिका,2,वडा अध्यक्ष,प्यूठान,5,खिम बहादुर विष्‍ट,645,800
679,मालिकार्जुन गाउँपालिका,2,वडा अध्यक्ष,दार्चुला,7,गणेश सिंह धामी,407,438
680,ललितपुर महानगरपालिका,24,वडा अध्यक्ष,ललितपुर,3,दिनेश कार्की,978,1421
681,काठमाण्डौ महानगरपालिका,15,वडा अध्यक्ष,काठमाडौं,3,ईश्‍वर मान डंगोल,2659,4905
682,ढकारी गाउँपालिका,3,वडा अध्यक्ष,अछाम,7,महादेव बुढा,590,597
683,ललितपुर महानगरपालिका,4,वडा अध्यक्ष,ललितपुर,3,नारायण के.सी,1071,1173
684,सप्तकोशी  नगरपालिका,10,वडा अध्यक्ष,सप्तरी,2,उचित नारायण चौधरी,320,339
685,शिवपुरी गाउँपालिका,8,वडा अध्यक्ष,नुवाकोट,3,पदम बहादुर थपलिया,681,761
686,कलैया उपमहानगरपालिका,14,वडा अध्यक्ष,बारा,2,सुरेन्द्र प्रसाद जैसवाल,905,1005
687,माडी नगरपालिका,8,वडा अध्यक्ष,चितवन,3,कृष्णराज अधिकारी,97,532
688,अर्जुनधारा नगरपालिका,10,वडा अध्यक्ष,झापा,1,बलदेव सिंह गोम्देन तामाङ्ग,1038,1178
689,दुर्गाथली गाउँपालिका,2,वडा अध्यक्ष,बझाङ्ग,7,दिपक राज सोती,252,261
690,रतुवामाई नगरपालिका,8,वडा अध्यक्ष,मोरङ्ग,1,नन्द कुमार चापागाई,1085,1333
691,सूर्योदय नगरपालिका,4,वडा अध्यक्ष,इलाम,1,मधु सुदन लामिछाने,1265,1345
692,विनयी त्रिवेणी गाउँपालिका,3,वडा अध्यक्ष,नवलपरासी (बर्दघाट सुस्ता पूर्व),4,टुक बहादुर बैदवार,823,885
693,चैनपुर नगरपालिका,3,वडा अध्यक्ष,संखुवासभा,1,बल बहादुर अधिकारी,459,566
694,बबई गाउँपालिका,4,वडा अध्यक्ष,दाङ,5,टेक बहादुर वली,891,910
695,म्याङलुङ नगरपालिका,7,वडा अध्यक्ष,तेर्हथुम,1,नारायण प्रसाद आचार्य,246,451
696,मालारानी गाउँपालिका,7,वडा अध्यक्ष,अर्घाखांची,5,खड्क प्रसाद भुसाल,268,616
697,नेस्याङ गाउँपालिका,2,वडा अध्यक्ष,मनाङ्ग,4,कृष्ण बहादुर वस्नेत,36,48
698,बारबर्दिया नगरपालिका,6,वडा अध्यक्ष,बर्दिया,5,कर्ण बहादुर विश्‍वकर्मा,1074,1157
699,जिरी  नगरपालिका,4,वडा अध्यक्ष,दोलखा,3,पदे मान जिरेल,157,561
700,मध्यनेपाल नगरपालिका,4,वडा अध्यक्ष,लमजुंग,4,निर्मल गौतम,741,871
701,गुल्मीदरवार गाउँपालिका,4,वडा अध्यक्ष,गुल्मी,5,खुम बहादुर पल्ली,1069,1248
702,धुलिखेल नगरपालिका,3,वडा अध्यक्ष,काभ्रेपलाञ्चोक,3,विनोद पराजुली,383,516
703,जगदुल्ला गाउँपालिका,1,वडा अध्यक्ष,डोल्पा,6,देव शंकर रोकाया,53,59
704,कमल गाउँपालिका,2,वडा अध्यक्ष,झापा,1,तारानाथ न्यौपाने,1132,1169
705,पाख्रिवास नगरपालिका,1,वडा अध्यक्ष,धनकुटा,1,हेम बहादुर पाण्डे,242,275
706,खैरहनी नगरपालिका,11,वडा अध्यक्ष,चितवन,3,हाकिम सिंह उप्रेति,578,691
707,पूर्वखोला गाउँपालिका,2,वडा अध्यक्ष,पाल्पा,5,निर बहादुर सारु,433,882
708,माहाकाली नगरपालिका,7,वडा अध्यक्ष,कन्चनपुर,7,ज्ञानेन्द्र बहादुर वहेकक्षेत्री,750,921
709,शैलुङ  गाउँपालिका,5,वडा अध्यक्ष,दोलखा,3,किरण बस्नेत,300,441
710,काठमाण्डौ महानगरपालिका,18,वडा अध्यक्ष,काठमाडौं,3,न्‍हुछे काजी महर्जन,1043,1056
711,चामुण्डा विन्द्रासैनी नगरपालिका,7,वडा अध्यक्ष,दैलेख,6,इन्द्र प्रसाद चौलागाई,254,262
712,भगवानपुर गाउँपालिका,5,वडा अध्यक्ष,सिराहा,2,अमर लाल यादव,586,652
713,गौरिशंकर  गाउँपालिका,5,वडा अध्यक्ष,दोलखा,3,डिल्लीध्वज बस्न्यात,372,1099
714,फेदीखोला गाउँपालिका,2,वडा अध्यक्ष,स्याङ्जा,4,हिमालय जंग बानिया क्षेत्रि,706,1117
715,मोदी गाउँपालिका,2,वडा अध्यक्ष,पर्वत,4,विकाश तिमल्सिना,629,714
716,तारकेश्वर नगरपालिका,6,वडा अध्यक्ष,काठमाडौं,3,मधु कार्की,1356,1597
717,सरुमारानी गाउँपालिका,4,वडा अध्यक्ष,प्यूठान,5,चिन्त वहादुर सोमै मगर,491,748
718,खाल्सा छिन्ताङ सहीदभूमि गाउँपालिका,6,वडा अध्यक्ष,धनकुटा,1,हेम कुमार राई,555,783
719,सत्यवती गाउँपालिका,3,वडा अध्यक्ष,गुल्मी,5,रुक बहादुर राना मगर,784,892
720,कालिन्चोक  गाउँपालिका,8,वडा अध्यक्ष,दोलखा,3,नन्द राज शिवाकोटी,551,658
721,सर्केगाड गाउँपालिका,4,वडा अध्यक्ष,हुम्ला,6,वलविर थापा,193,201
722,तिलोत्तमा नगरपालिका,8,वडा अध्यक्ष,रुपन्देही,5,कृष्ण प्रसाद पौडेल,1096,1301
723,दिपायल सिलगढी नगरपालिका,7,वडा अध्यक्ष,डोटी,7,कर्ण बहादुर विष्‍ट,559,675
724,सप्तकोशी  नगरपालिका,3,वडा अध्यक्ष,सप्तरी,2,देब कान्त गोजेवार,207,245
725,पाटन नगरपालिका,7,वडा अध्यक्ष,बैतडी,7,ललित बहादुर चन्द,286,327
726,देवचुली नगरपालिका,14,वडा अध्यक्ष,नवलपरासी (बर्दघाट सुस्ता पूर्व),4,हेमराज दवाडी,303,631
727,म्याङलुङ नगरपालिका,2,वडा अध्यक्ष,तेर्हथुम,1,शम्भु तुम्वाहाङफे,347,380
728,आदर्श गाउँपालिका,2,वडा अध्यक्ष,डोटी,7,पदम सि वोहरा,445,502
729,गजुरी गाउँपालिका,5,वडा अध्यक्ष,धादिङ्ग,3,राम चन्द्र मिजार,671,687
730,तारकेश्वर नगरपालिका,10,वडा अध्यक्ष,काठमाडौं,3,अमृत थापा,625,639
731,बाणगंगा नगरपालिका,3,वडा अध्यक्ष,कपिलवस्तु,5,सन्तराम रौतार थारु,1149,1196
732,माछापुछ्रे गाउँपालिका,4,वडा अध्यक्ष,कास्की,4,पूर्ण बहादुर शाही,806,871
733,राप्ती नगरपालिका,6,वडा अध्यक्ष,चितवन,3,जल्लु महतो थारु,1019,1704
734,हेटौडा उपमहानगरपालिका,4,वडा अध्यक्ष,मकवानपुर,3,नविन सिग्देल,1907,1987
735,मुखियापट्टी मुसहरमिया गाउँपालिका,1,वडा अध्यक्ष,धनुषा,2,कमिता राय यादव,517,610
736,रत्ननगर नगरपालिका,4,वडा अध्यक्ष,चितवन,3,रबिन्द्र राज चौधरी,651,689
737,ज्वालामूखी गाउँपालिका,5,वडा अध्यक्ष,धादिङ्ग,3,कृष्‍ण प्रसाद काप्री,1080,1252
738,बनेपा नगरपालिका,3,वडा अध्यक्ष,काभ्रेपलाञ्चोक,3,कृष्ण प्रसाद दाहाल,986,1128
739,दोर्दी गाउँपालिका,9,वडा अध्यक्ष,लमजुंग,4,खेम वहादुर गुरुङ,261,391
740,भद्रपुर नगरपालिका,10,वडा अध्यक्ष,झापा,1,टेक वहादुर खड्का,1304,1578
741,कमलामाई नगरपालिका,11,वडा अध्यक्ष,सिन्धुली,3,राम बहादुर थिङ,570,884
742,लिखु  गाउँपालिका,2,वडा अध्यक्ष,ओखलढुंगा,1,राम हरि वुढाथोकी,298,369
743,नारायण नगरपालिका,11,वडा अध्यक्ष,दैलेख,6,टंक बहादुर विष्ट,395,410
744,कंचन गाउँपालिका,3,वडा अध्यक्ष,रुपन्देही,5,नगेन्द्र बहादुर लामिछाने,1521,1553
745,गङ्गाजमुना गाउँपालिका,6,वडा अध्यक्ष,धादिङ्ग,3,भक्त बहादुर लामिछाने,712,893
746,मेलम्ची नगरपालिका,1,वडा अध्यक्ष,सिन्धुपाल्चोक,3,कृष्ण प्रसाद चौलागाई,823,841
747,रेसुङ्गा नगरपालिका,6,वडा अध्यक्ष,गुल्मी,5,गन बहादुर गुरुङ्ग,328,664
748,वाह्रविसे नगरपालिका,6,वडा अध्यक्ष,सिन्धुपाल्चोक,3,मोहन लाल श्रेष्ठ,221,786
749,छथर गाउँपालिका,5,वडा अध्यक्ष,तेर्हथुम,1,पुण्य प्रसाद ढकाल,613,800
750,तानसेन नगरपालिका,5,वडा अध्यक्ष,पाल्पा,5,राम बहादुर रावल,764,942
751,सप्तकोशी  नगरपालिका,11,वडा अध्यक्ष,सप्तरी,2,डोलेश्‍वर खडगा,314,371
752,गोसाईकुण्ड गाउँपालिका,4,वडा अध्यक्ष,रसुवा,3,सुप्पा तमाङ,96,103
753,आँधीखोला गाउँपालिका,4,वडा अध्यक्ष,स्याङ्जा,4,चिन्ता मणी पौडेल (पाध्य),511,740
754,तलकोट गाउँपालिका,4,वडा अध्यक्ष,बझाङ्ग,7,मन बहादुर घर्ती,345,348
755,ललितपुर महानगरपालिका,19,वडा अध्यक्ष,ललितपुर,3,बिनोद ताम्राकार,964,1215
756,चिशंखुगढी गाउँपालिका,6,वडा अध्यक्ष,ओखलढुंगा,1,कृष्ण बहादुर क्यापछाकी मगर,203,428
757,मंगला गाउँपालिका,5,वडा अध्यक्ष,म्याग्दी,4,भुपेन्द्र खत्री क्षेत्री,613,1121
758,बराह नगरपालिका,5,वडा अध्यक्ष,सुनसरी,1,राजु अधिकारी,1117,1969
759,गौरिशंकर  गाउँपालिका,9,वडा अध्यक्ष,दोलखा,3,छिरिङ शेर्पा,180,393
760,कावासोती नगरपालिका,17,वडा अध्यक्ष,नवलपरासी (बर्दघाट सुस्ता पूर्व),4,छविलाल महतो ,1362,1383
761,फेदीखोला गाउँपालिका,5,वडा अध्यक्ष,स्याङ्जा,4,देउ कुमारी गुरुङ,262,321
762,खाँदवारी नगरपालिका,3,वडा अध्यक्ष,संखुवासभा,1,तोया नाथ ढुंगाना,449,490
763,भगवानपुर गाउँपालिका,2,वडा अध्यक्ष,सिराहा,2,तेज नारायण चौधरी,834,1248
764,पोखरा लेखनाथ महानगरपालिका,17,वडा अध्यक्ष,कास्की,4,तिर्थ राज अधिकारी,2291,3046
765,ईटहरी उपमहानगरपालिका,2,वडा अध्यक्ष,सुनसरी,1,हर्क बहादुर मगर,2134,2218
766,क्व्होलासोथार गाउँपालिका,9,वडा अध्यक्ष,लमजुंग,4,नन्‍द जंङ गुरुङ,201,489
767,मोदी गाउँपालिका,5,वडा अध्यक्ष,पर्वत,4,दल बहादुर मल्ल,857,1155
768,चन्दननाथ नगरपालिका,7,वडा अध्यक्ष,जुम्ला,6,नर विर रावल,371,446
769,खिजिदेम्वा गाउँपालिका,6,वडा अध्यक्ष,ओखलढुंगा,1,छत्र बहादुर तामाङ,361,387
770,महाशिला गाउँपालिका,6,वडा अध्यक्ष,पर्वत,4,राम बहादुर सुनार,215,260
771,शिवसताक्षि नगरपालिका,8,वडा अध्यक्ष,झापा,1,केहरसिंह बस्नेत,1612,1626
772,खाँडादेवी गाउँपालिका,6,वडा अध्यक्ष,रामेछाप,3,पुष्कर कार्की,464,498
773,लेकबेशी नगरपालिका,8,वडा अध्यक्ष,सुर्खेत,6,लाल बहादुर बन्टाकी,419,508
774,कुश्मा नगरपालिका,10,वडा अध्यक्ष,पर्वत,4,सुजन वि.क,513,686
775,तानसेन नगरपालिका,12,वडा अध्यक्ष,पाल्पा,5,देवेन्द्र बहादुर राना,725,800
776,धनगढीमाई नगरपालिका,6,वडा अध्यक्ष,सिराहा,2,भगलु महतो,574,589
777,म्याङलुङ नगरपालिका,10,वडा अध्यक्ष,तेर्हथुम,1,होम बहादुर खापुङ,378,403
778,ईटहरी उपमहानगरपालिका,5,वडा अध्यक्ष,सुनसरी,1,कल्याण बहादुर कार्की,2070,2682
779,दोरम्बा गाउँपालिका,3,वडा अध्यक्ष,रामेछाप,3,लाल वदन मगर,563,589
780,राप्ती नगरपालिका,13,वडा अध्यक्ष,चितवन,3,सूर्य वहादुर प्रजा,311,441
781,बराहताल गाउँपालिका,2,वडा अध्यक्ष,सुर्खेत,6,योबराज कार्की,458,462
782,साफेबगर नगरपालिका,10,वडा अध्यक्ष,अछाम,7,लाल बहादुर खडका,515,549
783,विदुर नगरपालिका,11,वडा अध्यक्ष,नुवाकोट,3,तोया नाथ तिम्सिना,677,782
784,अर्जुनधारा नगरपालिका,6,वडा अध्यक्ष,झापा,1,लोकनाथ गौतम,770,788
785,मन्थली नगरपालिका,8,वडा अध्यक्ष,रामेछाप,3,राज कुमार श्रेष्‍ठ,627,879
786,कावासोती नगरपालिका,4,वडा अध्यक्ष,नवलपरासी (बर्दघाट सुस्ता पूर्व),4,रमाकान्त चापागाई,479,758
787,नेस्याङ गाउँपालिका,1,वडा अध्यक्ष,मनाङ्ग,4,भुजुङ गुरुङ,72,84
788,मध्यविन्दु नगरपालिका,1,वडा अध्यक्ष,नवलपरासी (बर्दघाट सुस्ता पूर्व),4,लिला राम थारु,738,742
789,बेनी  नगरपालिका,8,वडा अध्यक्ष,म्याग्दी,4,राम कृषण वराइली विश्वकर्मा,233,257
790,गल्छी गाउँपालिका,8,वडा अध्यक्ष,धादिङ्ग,3,भरत तामाङ,804,806
791,ईन्द्र सरोवर गाउँपालिका,2,वडा अध्यक्ष,मकवानपुर,3,राजु मान महर्जन,557,574
792,पथरी शनिश्चरे नगरपालिका,2,वडा अध्यक्ष,मोरङ्ग,1,याम प्रसाद गुराँगाई,945,976
793,कुसे गाउँपालिका,4,वडा अध्यक्ष,जाजरकोट,6,कृती वहादुर शाही,265,326
794,सागुरीगढी गाउँपालिका,2,वडा अध्यक्ष,धनकुटा,1,दल बहादुर इङनाम (लिम्वु),327,409
795,सूर्यविनायक नगरपालिका,7,वडा अध्यक्ष,भक्तपुर,3,रविन्द्र सापकोटा,765,1416
796,मष्टा गाउँपालिका,2,वडा अध्यक्ष,बझाङ्ग,7,शेर बहादुर खड्का,413,470
797,पैयूं गाउँपालिका,3,वडा अध्यक्ष,पर्वत,4,विष्णु प्रसाद काफ्ले,585,593
798,कमलबजार नगरपालिका,5,वडा अध्यक्ष,अछाम,7,नन्द राज चलाउने,330,472
799,सिम्ता गाउँपालिका,4,वडा अध्यक्ष,सुर्खेत,6,भिम बहादुर रावत,434,544
800,शिवसताक्षि नगरपालिका,9,वडा अध्यक्ष,झापा,1,छविलाल पाठक,1051,1233
801,कावासोती नगरपालिका,5,वडा अध्यक्ष,नवलपरासी (बर्दघाट सुस्ता पूर्व),4,हरि प्रसाद बास्तोला,414,684
802,लिखु  गाउँपालिका,8,वडा अध्यक्ष,ओखलढुंगा,1,विशाल कुमार पौडेल,448,663
803,कालीमाटी गाउँपालिका,2,वडा अध्यक्ष,सल्यान,6,ईन्द्र बहादुर वली,509,572
804,सरुमारानी गाउँपालिका,3,वडा अध्यक्ष,प्यूठान,5,भिम बहादुर मर्साङ्गी,573,863
805,दमक नगरपालिका,5,वडा अध्यक्ष,झापा,1,इन्द्र बहादुर गुरुङ्ग,1303,1467
806,लालिगुँरास नगरपालिका,8,वडा अध्यक्ष,तेर्हथुम,1,तुलसी राम खनाल,425,432
807,शिवराज नगरपालिका,2,वडा अध्यक्ष,कपिलवस्तु,5,राम वहादुर चौधरी,322,376
808,निजगढ नगरपालिका,2,वडा अध्यक्ष,बारा,2,केशव प्रसाद उपाध्याय ढोडारी,162,382
809,मेल्लेख गाउँपालिका,3,वडा अध्यक्ष,अछाम,7,केशर बहादुर शाह,467,528
810,बनेपा नगरपालिका,12,वडा अध्यक्ष,काभ्रेपलाञ्चोक,3,राम वहादुर कुँवर,632,833
811,मुगुम कार्मारोंग गाउँपालिका,9,वडा अध्यक्ष,मुगु,6,सिङ्ग बुढा,160,226
812,वेदकोट नगरपालिका,9,वडा अध्यक्ष,कन्चनपुर,7,राम सिह धामी,607,870
813,मादी गाउँपालिका,2,वडा अध्यक्ष,कास्की,4,एक जंग गुरुङ्ग,303,399
814,माहाकाली नगरपालिका,9,वडा अध्यक्ष,कन्चनपुर,7,ऋषि राम क्षेत्री भन्ने गिरी बहादुर थापा,510,611
815,नाशोङ गाउँपालिका,2,वडा अध्यक्ष,मनाङ्ग,4,भिम बहादुर गुरुङ,0,87
816,चामुण्डा विन्द्रासैनी नगरपालिका,6,वडा अध्यक्ष,दैलेख,6,बखत बहादुर बोहोरा,378,415
817,ईस्मा गाउँपालिका,5,वडा अध्यक्ष,गुल्मी,5,कलानिधी भण्डारी,861,869
818,बडीमालिका नगरपालिका,2,वडा अध्यक्ष,बाजुरा,7,डम्वर वहादुर महत,239,242
819,माई नगरपालिका,4,वडा अध्यक्ष,इलाम,1,सूर्य प्रसाद दुलाल,588,607
820,बुङदीकाली गाउँपालिका,6,वडा अध्यक्ष,नवलपरासी (बर्दघाट सुस्ता पूर्व),4,नेम बहादुर थापा,522,610
821,हतुवागढी गाउँपालिका,3,वडा अध्यक्ष,भोजपुर,1,राज कुमार राई,151,373
822,ईनरुवा नगरपालिका,9,वडा अध्यक्ष,सुनसरी,1,बसीर मुद्दीन मंसुरी,1300,1344
823,क्व्होलासोथार गाउँपालिका,4,वडा अध्यक्ष,लमजुंग,4,खिम बहादुर गुरुङ,82,704
824,छत्रकोट गाउँपालिका,6,वडा अध्यक्ष,गुल्मी,5,थमन बहादुर ज्ञवाली,427,725
825,मेलम्ची नगरपालिका,2,वडा अध्यक्ष,सिन्धुपाल्चोक,3,सन्त बहादुर तामाङ,511,567
826,छायाँनाथ रारा नगरपालिका,7,वडा अध्यक्ष,मुगु,6,हरि चन्द्र शाही,209,274
827,माई नगरपालिका,7,वडा अध्यक्ष,इलाम,1,रामप्रसाद लिम्बु,565,734
828,मादी नगरपालिका,6,वडा अध्यक्ष,संखुवासभा,1,धन नारायण तामाङ्ग,268,269
829,ज्वालामूखी गाउँपालिका,1,वडा अध्यक्ष,धादिङ्ग,3,राम प्रसाद सिलवाल,469,901
830,बागलुङ नगरपालिका,7,वडा अध्यक्ष,बागलुङ,4,खग राज पाण्डे,706,1118
831,माछापुछ्रे गाउँपालिका,2,वडा अध्यक्ष,कास्की,4,विक्रम गुरुङ्ग,750,754
832,अन्नपूर्ण गाउँपालिका,8,वडा अध्यक्ष,म्याग्दी,4,खम बहादुर गर्बुजा पुन,350,432
833,सैनामैना नगरपालिका,10,वडा अध्यक्ष,रुपन्देही,5,लोक नारायण थापा,1172,1448
834,निजगढ नगरपालिका,5,वडा अध्यक्ष,बारा,2,थल प्रसाद गौतम,436,587
835,मन्थली नगरपालिका,12,वडा अध्यक्ष,रामेछाप,3,कृष्‍ण हरी अधिकारी,546,714
836,बागलुङ नगरपालिका,5,वडा अध्यक्ष,बागलुङ,4,शिव प्रसाद सापकोटा,527,709
837,सोरु गाउँपालिका,1,वडा अध्यक्ष,मुगु,6,मिसिन्द्र शाही,77,238
838,र्इन्द्रावती गाउँपालिका,6,वडा अध्यक्ष,सिन्धुपाल्चोक,3,इन्द्र बहादुर तामाङ,426,538
839,गौरादह नगरपालिका,5,वडा अध्यक्ष,झापा,1,छत्रपति सुवेदी,1377,1498
840,तिलागुफा नगरपालिका,4,वडा अध्यक्ष,कालिकोट,6,खड्ग राज शाही,81,96
841,बेसीशहर नगरपालिका,11,वडा अध्यक्ष,लमजुंग,4,अचुत बाबु बगाले,1160,1162
842,गल्याङ नगरपालिका,7,वडा अध्यक्ष,स्याङ्जा,4,राम बहादुर गुरुङ्ग,418,1770
843,फलेवास नगरपालिका,4,वडा अध्यक्ष,पर्वत,4,टिकाराम गौडेल,546,605
844,कालिका गाउँपालिका,6,वडा अध्यक्ष,कालिकोट,6,कर्ण बहादुर खत्री,190,322
845,ग्रामथान गाउँपालिका,2,वडा अध्यक्ष,मोरङ्ग,1,कृष्ण कुमार माझी,806,915
846,रुरु गाउँपालिका,2,वडा अध्यक्ष,गुल्मी,5,घनश्‍याम अर्याल,610,675
847,छबिसपाथिभेरा गाउँपालिका,4,वडा अध्यक्ष,बझाङ्ग,7,अम्‍मर राज थापा,277,339
848,क्व्होलासोथार गाउँपालिका,1,वडा अध्यक्ष,लमजुंग,4,पेमा गुरुङ,131,291
849,धरान उपमहानगरपालिका,12,वडा अध्यक्ष,सुनसरी,1,टंक बहादुर राई,743,793
850,कावासोती नगरपालिका,9,वडा अध्यक्ष,नवलपरासी (बर्दघाट सुस्ता पूर्व),4,नेत्र प्रसाद खतिवडा,351,476
851,थाक्रे गाउँपालिका,11,वडा अध्यक्ष,धादिङ्ग,3,रवि प्रकास ओझा,539,595
852,पोखरा लेखनाथ महानगरपालिका,16,वडा अध्यक्ष,कास्की,4,जीवन प्रसाद आचार्य,3122,3133
853,बर्दघाट नगरपालिका,4,वडा अध्यक्ष,नवलपरासी (बर्दघाट सुस्ता पश्चिम),5,रविन्द्र विक्रम हमाल,2031,2332
854,गोसाईकुण्ड गाउँपालिका,6,वडा अध्यक्ष,रसुवा,3,दावा सिदार वाइवा,356,467
855,पूर्वखोला गाउँपालिका,5,वडा अध्यक्ष,पाल्पा,5,धन वहादुर सिंजाली मगर,270,1134
856,सबैला नगरपालिका,7,वडा अध्यक्ष,धनुषा,2,रामदेव सहनी मलाह,390,507
857,चौतारा साँगाचोकगढी नगरपालिका,12,वडा अध्यक्ष,सिन्धुपाल्चोक,3,ध्रुव राज गिरी,437,630
858,रतुवामाई नगरपालिका,10,वडा अध्यक्ष,मोरङ्ग,1,टंक प्रसाद ढकाल,1173,1352
859,गैडहवा गाउँपालिका,8,वडा अध्यक्ष,रुपन्देही,5,भुवन बहादुर राना मगर,685,879
860,अन्नपुर्ण गाउँपालिका,3,वडा अध्यक्ष,कास्की,4,चन्‍द्र बहादुर गुरुङ्ग,574,707
861,स्वामीकार्तिक गाउँपालिका,3,वडा अध्यक्ष,बाजुरा,7,विरजीत कटेल,341,714
862,क्व्होलासोथार गाउँपालिका,5,वडा अध्यक्ष,लमजुंग,4,गित बहादुर गुरुङ,149,320
863,कटारी  नगरपालिका,14,वडा अध्यक्ष,उदयपुर,1,तेज बहादुर आले मगर,408,593
864,बुद्धभूमी नगरपालिका,9,वडा अध्यक्ष,कपिलवस्तु,5,खुमानन्द न्यौपाने,1708,1931
865,महावु गाउँपालिका,4,वडा अध्यक्ष,दैलेख,6,देव बहादुर शाही,466,468
866,छथर जोरपाटी गाउँपालिका,4,वडा अध्यक्ष,धनकुटा,1,टेक बहादुर तामाङ,186,467
867,किस्पाङ गाउँपालिका,4,वडा अध्यक्ष,नुवाकोट,3,एकराज घले,317,414
868,लेकबेशी नगरपालिका,7,वडा अध्यक्ष,सुर्खेत,6,चन्द्र बहादुर सुनार,393,603
869,भीमदत्त नगरपालिका,14,वडा अध्यक्ष,कन्चनपुर,7,उत्तम बहादुर बिष्ट,423,434
870,खाल्सा छिन्ताङ सहीदभूमि गाउँपालिका,7,वडा अध्यक्ष,धनकुटा,1,वम बहादुर राई,441,481
871,तलकोट गाउँपालिका,7,वडा अध्यक्ष,बझाङ्ग,7,देव बहादुर धामी,277,338
872,काठेखोला गाउँपालिका,8,वडा अध्यक्ष,बागलुङ,4,चित्र कला छन्त्याल (श्रीस),560,575
873,रौतामाई गाउँपालिका,2,वडा अध्यक्ष,उदयपुर,1,खबिन्द्र बहादुर रास्कोटी,489,551
874,बढैयाताल गाउँपालिका,7,वडा अध्यक्ष,बर्दिया,5,इन्द्र प्रसाद लुइटेल,1075,1226
875,सूर्यविनायक नगरपालिका,10,वडा अध्यक्ष,भक्तपुर,3,शिब राम राउत,606,1020
876,मण्डनदेउपुर नगरपालिका,7,वडा अध्यक्ष,काभ्रेपलाञ्चोक,3,नारायण प्रसाद लम्साल,573,800
877,महाकाली नगरपालिका,9,वडा अध्यक्ष,दार्चुला,7,हर सिंह डाँगा,520,580
878,फेदीखोला गाउँपालिका,1,वडा अध्यक्ष,स्याङ्जा,4,खिम बहादुर क्षेत्री,420,502
879,इलाम नगरपालिका,6,वडा अध्यक्ष,इलाम,1,माधव प्रसाद भट्टराई,675,727
880,कुम्मायक गाउँपालिका,3,वडा अध्यक्ष,पाँचथर,1,राम प्रसाद गजुरेल,307,505
881,मिथिला नगरपालिका,9,वडा अध्यक्ष,धनुषा,2,दिपक जंङ्ग थापा,630,801
882,काईके गाउँपालिका,2,वडा अध्यक्ष,डोल्पा,6,तेजेन्द्र बहादुर बुढा,1,217
883,दुल्लु नगरपालिका,10,वडा अध्यक्ष,दैलेख,6,हर्क वहादुर खडका,619,623
884,पूर्वखोला गाउँपालिका,1,वडा अध्यक्ष,पाल्पा,5,भोग बहादुर थापा (मगर),600,1213
885,तिनपाटन गाउँपालिका,7,वडा अध्यक्ष,सिन्धुली,3,कोमल बहादुर खपाङ्गी,477,498
886,खैरहनी नगरपालिका,6,वडा अध्यक्ष,चितवन,3,राम शरण पाण्डे,933,1040
887,मध्यनेपाल नगरपालिका,8,वडा अध्यक्ष,लमजुंग,4,अमृत बहादुर तमाङ,411,536
888,बुढानिलकण्ठ नगरपालिका,10,वडा अध्यक्ष,काठमाडौं,3,नवराज भट्टराई,1596,2410
889,तिलोत्तमा नगरपालिका,4,वडा अध्यक्ष,रुपन्देही,5,दिवाकर ढकाल,141,1053
890,पन्चेश्वर गाउँपालिका,3,वडा अध्यक्ष,बैतडी,7,मीन बहादुर चन्द,434,436
891,सूर्यविनायक नगरपालिका,8,वडा अध्यक्ष,भक्तपुर,3,किरण थापामगर,883,1547
892,बराह नगरपालिका,4,वडा अध्यक्ष,सुनसरी,1,आशाराम चौधरी,733,1117
893,मदाने गाउँपालिका,3,वडा अध्यक्ष,गुल्मी,5,नारायण घर्ती,574,813
894,छथर जोरपाटी गाउँपालिका,5,वडा अध्यक्ष,धनकुटा,1,सुरेन्द्र कुमार लिम्बू,409,562
895,पाख्रिवास नगरपालिका,2,वडा अध्यक्ष,धनकुटा,1,तोर्ण बहादुर खपाङ्गी,307,731
896,भूमिकास्थान नगरपालिका,10,वडा अध्यक्ष,अर्घाखांची,5,खगेश्‍वर पन्‍थी,623,1006
897,गैडाकोट नगरपालिका,2,वडा अध्यक्ष,नवलपरासी (बर्दघाट सुस्ता पूर्व),4,ध्रुव राम पौडेल,1055,1273
898,पाख्रिवास नगरपालिका,5,वडा अध्यक्ष,धनकुटा,1,गोपाल राज थापा,306,437
899,राप्ती नगरपालिका,2,वडा अध्यक्ष,चितवन,3,श्याम सुन्दर उप्रेती,76,1221
900,माईजोगमाई गाउँपालिका,4,वडा अध्यक्ष,इलाम,1,गणेश कुमार राई,718,742
901,ज्वालामूखी गाउँपालिका,6,वडा अध्यक्ष,धादिङ्ग,3,अर्जुन अर्याल,765,963
902,ललितपुर महानगरपालिका,3,वडा अध्यक्ष,ललितपुर,3,श्रीगोपाल महर्जन,986,1706
903,काठमाण्डौ महानगरपालिका,23,वडा अध्यक्ष,काठमाडौं,3,मचा राजा महर्जन,1169,1198
904,ट्याम्केमैयुम गाउँपालिका,7,वडा अध्यक्ष,भोजपुर,1,उद्धव कुमार राई,252,276
905,रुरु गाउँपालिका,4,वडा अध्यक्ष,गुल्मी,5,फर्सुराम ज्ञवाली,729,1503
906,फाल्गुनन्द गाउँपालिका,2,वडा अध्यक्ष,पाँचथर,1,बहादुर सिँ नेम्बाङ्ग,167,326
907,आदर्श गाउँपालिका,6,वडा अध्यक्ष,डोटी,7,लाल बहादुर खडायत,535,582
908,कनकासुन्दरी गाउँपालिका,7,वडा अध्यक्ष,जुम्ला,6,धन जित रोकाया,282,336
909,फिक्कल गाउँपालिका,2,वडा अध्यक्ष,सिन्धुली,3,शंकर बहादुर भण्डारी,372,673
910,कन्काई नगरपालिका,1,वडा अध्यक्ष,झापा,1,रोशनराज पोखरेल,674,887
911,धनकुटा नगरपालिका,1,वडा अध्यक्ष,धनकुटा,1,निरेन तामाङ्ग,968,983
912,बराहताल गाउँपालिका,7,वडा अध्यक्ष,सुर्खेत,6,कुल बहादुर बुचा,257,465
913,भोजपुर नगरपालिका,12,वडा अध्यक्ष,भोजपुर,1,कुमार  प्रसाद  श्रेष्ठ ,535,613
914,शङ्खरापुर नगरपालिका,5,वडा अध्यक्ष,काठमाडौं,3,शेर गम्भिर थापा,506,714
915,बुंगल नगरपालिका,5,वडा अध्यक्ष,बझाङ्ग,7,प्रयाग धामी,360,396
916,सूर्योदय नगरपालिका,10,वडा अध्यक्ष,इलाम,1,पेमा उगेन लामा,708,956
917,बीरेन्द्रनगर नगरपालिका,8,वडा अध्यक्ष,सुर्खेत,6,थम्म प्रसाद गौतम,856,893
918,वित्थडचिर गाउँपालिका,2,वडा अध्यक्ष,बझाङ्ग,7,मान बहादुर बोहरा,287,455
919,भानु नगरपालिका,9,वडा अध्यक्ष,तनहुँ,4,निलन संजिवा श्रेष्ठ,837,930
920,गोसाईकुण्ड गाउँपालिका,1,वडा अध्यक्ष,रसुवा,3,फुर्पु सोनाम तमाङ,238,292
921,फेदाप  गाउँपालिका,1,वडा अध्यक्ष,तेर्हथुम,1,मन बहादुर श्रेष्ठ,695,793
922,मादी नगरपालिका,8,वडा अध्यक्ष,संखुवासभा,1,चन्द्र बहादुर गुरुङ्ग,174,254
923,रामधुनी नगरपालिका,9,वडा अध्यक्ष,सुनसरी,1,घनश्‍याम चौधरी,692,1096
924,नेस्याङ गाउँपालिका,4,वडा अध्यक्ष,मनाङ्ग,4,कर्म टसी घले,24,65
925,पुतलीबजार नगरपालिका,2,वडा अध्यक्ष,स्याङ्जा,4,तिलक राम श्रेष्‍ठ,468,645
926,मैवाखोला गाउँपालिका,3,वडा अध्यक्ष,ताप्लेजुंग,1,थर्क कुमार चोङवाङ,353,402
927,मादी गाउँपालिका,4,वडा अध्यक्ष,कास्की,4,सत्य राज सापकोटा,281,483
928,बन्दिपुर गाउँपालिका,4,वडा अध्यक्ष,तनहुँ,4,हरे राम थापा मगर,613,631
929,फिक्कल गाउँपालिका,4,वडा अध्यक्ष,सिन्धुली,3,गोपाल बहादुर मगर,530,669
930,नागार्जुन नगरपालिका,2,वडा अध्यक्ष,काठमाडौं,3,थुमराज के.सी,681,791
931,छायाँनाथ रारा नगरपालिका,5,वडा अध्यक्ष,मुगु,6,डम्‍वर बहादुर रावल,295,337
932,धनकुटा नगरपालिका,2,वडा अध्यक्ष,धनकुटा,1,चन्द्र लाल तामाङ,468,816
933,शुक्लागण्डकी नगरपालिका,6,वडा अध्यक्ष,तनहुँ,4,कृष्ण वहादुर पौडेल,459,927
934,मोलुङ गाउँपालिका,7,वडा अध्यक्ष,ओखलढुंगा,1,हेम बहादुर सुनुवार,209,463
935,ललितपुर महानगरपालिका,23,वडा अध्यक्ष,ललितपुर,3,भुयू काजी महर्जन,705,950
936,देवदह नगरपालिका,5,वडा अध्यक्ष,रुपन्देही,5,झिल्लु प्रसाद न्यौपाने,1057,1305
937,ढकारी गाउँपालिका,2,वडा अध्यक्ष,अछाम,7,नकुल बहादुर साउँद,309,335
938,रामेछाप नगरपालिका,3,वडा अध्यक्ष,रामेछाप,3,भुपाल राज श्रेष्‍ठ,497,517
939,भीमफेदी गाउँपालिका,5,वडा अध्यक्ष,मकवानपुर,3,जाहार सिं लामा,492,564
940,शिवालय गाउँपालिका,4,वडा अध्यक्ष,जाजरकोट,6,तेज बहादुर बुढा,97,125
941,गौमुल गाउँपालिका,5,वडा अध्यक्ष,बाजुरा,7,गणेश बहादुर रोकाया,231,278
942,वित्थडचिर गाउँपालिका,6,वडा अध्यक्ष,बझाङ्ग,7,हर्क बहादुर धामी,260,288
943,धुलिखेल नगरपालिका,8,वडा अध्यक्ष,काभ्रेपलाञ्चोक,3,निराजन जंगम,541,643
944,राप्ती नगरपालिका,1,वडा अध्यक्ष,चितवन,3,सिद्बीलाल स्याङतान,1246,1374
945,सत्यवती गाउँपालिका,1,वडा अध्यक्ष,गुल्मी,5,भिमलाल पाण्डे,679,720
946,सूर्योदय नगरपालिका,3,वडा अध्यक्ष,इलाम,1,होम बहादुर कार्की,855,971
947,भिमेश्वर  नगरपालिका,6,वडा अध्यक्ष,दोलखा,3,नविन कुमार लामा,406,726
948,शुक्लागण्डकी नगरपालिका,3,वडा अध्यक्ष,तनहुँ,4,राम कुमार श्रेष्‍ठ,308,850
949,कचनकवल गाउँपालिका,6,वडा अध्यक्ष,झापा,1,कुल बहादुर कार्की,788,959
950,रम्भा गाउँपालिका,5,वडा अध्यक्ष,पाल्पा,5,खुम कान्त बस्याल,728,919
951,सूर्मा गाउँपालिका,3,वडा अध्यक्ष,बझाङ्ग,7,मदन कामी,278,359
952,आठराई  गाउँपालिका,5,वडा अध्यक्ष,तेर्हथुम,1,विष्‍णु प्रसाद ओली,354,661
953,मन्थली नगरपालिका,14,वडा अध्यक्ष,रामेछाप,3,भरत सिं वाइबा,231,384
954,गुर्भाकोट नगरपालिका,9,वडा अध्यक्ष,सुर्खेत,6,शशिराम भट्टराई,728,831
955,थाहा नगरपालिका,12,वडा अध्यक्ष,मकवानपुर,3,मान बहादुर स्‍याङतान,619,803
956,विरुवा गाउँपालिका,6,वडा अध्यक्ष,स्याङ्जा,4,कृष्‍ण बहादुर क्षेत्री,294,662
957,चैनपुर नगरपालिका,2,वडा अध्यक्ष,संखुवासभा,1,काजी शेर्पा,456,694
958,नौवहिनी गाउँपालिका,1,वडा अध्यक्ष,प्यूठान,5,शेर बहादुर सेन ठकुरी,507,894
959,धुनीबेंशी नगरपालिका,2,वडा अध्यक्ष,धादिङ्ग,3,बलराम कुवँर,873,950
960,र्इन्द्रावती गाउँपालिका,11,वडा अध्यक्ष,सिन्धुपाल्चोक,3,मने माझी,390,424
961,मालिका गाउँपालिका,8,वडा अध्यक्ष,गुल्मी,5,टिका बहादुर जि.सी.,798,817
962,बाणगंगा नगरपालिका,8,वडा अध्यक्ष,कपिलवस्तु,5,गुणानिधी भुसाल,1871,2318
963,बैजनाथ गाउँपालिका,2,वडा अध्यक्ष,बाँके,5,प्रेम बहादुर थापा क्षेत्री,1142,1652
964,ठूली भेरी नगरपालिका,2,वडा अध्यक्ष,डोल्पा,6,देवी रोकाया,61,68
965,मिथिला नगरपालिका,4,वडा अध्यक्ष,धनुषा,2,विष्णुहरि खदाल,490,613
966,कालिन्चोक  गाउँपालिका,3,वडा अध्यक्ष,दोलखा,3,निसान बुढाथोकी,321,354
967,खार्पुनाथ गाउँपालिका,1,वडा अध्यक्ष,हुम्ला,6,मकुसिह बुढा,207,481
968,पाँचखपन नगरपालिका,5,वडा अध्यक्ष,संखुवासभा,1,राम बहादुर तामाङ्ग,263,395
969,फेदाप  गाउँपालिका,4,वडा अध्यक्ष,तेर्हथुम,1,नविन चन्द्र लिम्बु,274,507
970,बागलुङ नगरपालिका,12,वडा अध्यक्ष,बागलुङ,4,गुरु दत्त पाठक,1006,1180
971,केरावारी गाउँपालिका,4,वडा अध्यक्ष,मोरङ्ग,1,इन्द्र बहादुर याम्फू राइ,340,355
972,रामग्राम नगरपालिका,1,वडा अध्यक्ष,नवलपरासी (बर्दघाट सुस्ता पश्चिम),5,रुद्र प्रकाश उपाध्याय,133,205
973,अन्नपुर्ण गाउँपालिका,10,वडा अध्यक्ष,कास्की,4,कुमार प्रसाद गुरुङ्ग,450,486
974,नारायण नगरपालिका,5,वडा अध्यक्ष,दैलेख,6,लाल वहादुर बस्नेत,299,364
975,बढैयाताल गाउँपालिका,1,वडा अध्यक्ष,बर्दिया,5,शेर बहादुर थापामगर,768,1623
976,विदुर नगरपालिका,4,वडा अध्यक्ष,नुवाकोट,3,टलक मान श्रेष्‍ठ,618,847
977,मर्स्याङदी गाउँपालिका,3,वडा अध्यक्ष,लमजुंग,4,प्रेम बहादुर बस्नेत,622,765
978,फलेवास नगरपालिका,8,वडा अध्यक्ष,पर्वत,4,मन बहादुर कुवर,307,384
979,शिवसताक्षि नगरपालिका,7,वडा अध्यक्ष,झापा,1,नविन ईजम,1394,1821
980,चिशंखुगढी गाउँपालिका,7,वडा अध्यक्ष,ओखलढुंगा,1,तुल बिक्रम श्रेष्ठ,42,240
981,तानसेन नगरपालिका,9,वडा अध्यक्ष,पाल्पा,5,हरि सुमर रेग्मी,571,964
982,देवदह नगरपालिका,2,वडा अध्यक्ष,रुपन्देही,5,धर्मागत पाण्डे,708,776
983,भीमदत्त नगरपालिका,17,वडा अध्यक्ष,कन्चनपुर,7,हिमाल बहादुर चन्द,341,374
984,किर्तिपुर नगरपालिका,6,वडा अध्यक्ष,काठमाडौं,3,न्हुछे बहादुर महर्जन,1068,1139
985,बाणगंगा नगरपालिका,5,वडा अध्यक्ष,कपिलवस्तु,5,भिष्म राज भुसाल,1173,1289
986,चाँगुनारायण नगरपालिका,9,वडा अध्यक्ष,भक्तपुर,3,गणेश त्यात,603,995
987,पनौती नगरपालिका,1,वडा अध्यक्ष,काभ्रेपलाञ्चोक,3,गुणनाथ सापकोटा,1024,1429
988,कुम्मायक गाउँपालिका,1,वडा अध्यक्ष,पाँचथर,1,देवेन्द्र कुमार लावती,71,474
989,फालेलुङ गाउँपालिका,6,वडा अध्यक्ष,पाँचथर,1,सुजाता वान्‍तवा राई,361,386
990,गुराँस गाउँपालिका,8,वडा अध्यक्ष,दैलेख,6,पुर्ण बहादुर वली,506,513
991,पाँचखपन नगरपालिका,7,वडा अध्यक्ष,संखुवासभा,1,कृष्‍ण बहादुर खङ्का,416,432
992,दुल्लु नगरपालिका,3,वडा अध्यक्ष,दैलेख,6,कलम बहादुर खनाल,537,578
993,चौकुने गाउँपालिका,1,वडा अध्यक्ष,सुर्खेत,6,लछिराम आले,282,412
994,फलेवास नगरपालिका,9,वडा अध्यक्ष,पर्वत,4,गंगाधर शर्मा,406,462
995,सन्दकपुर गाउँपालिका,5,वडा अध्यक्ष,इलाम,1,जित बहादुर साँवा,712,995
996,मंगलसेन नगरपालिका,14,वडा अध्यक्ष,अछाम,7,तेज बहादुर भण्डारी,445,478
997,शुक्लागण्डकी नगरपालिका,9,वडा अध्यक्ष,तनहुँ,4,लोक नारायण श्रेष्ठ,459,485
998,खाँडाचक्र नगरपालिका,8,वडा अध्यक्ष,कालिकोट,6,आदिचन्द्र चौलागाई,244,264
999,रामग्राम नगरपालिका,5,वडा अध्यक्ष,नवलपरासी (बर्दघाट सुस्ता पश्चिम),5,विनोद कुँवर,153,157
1000,काठमाण्डौ महानगरपालिका,32,वडा अध्यक्ष,काठमाडौं,3,नवराज पराजुली,4901,5879
1001,चौविसे गाउँपालिका,1,वडा अध्यक्ष,धनकुटा,1,श्री कृष्ण श्रेष्ठ,467,480
1002,सखुवानान्कारकट्टी गाउँपालिका,5,वडा अध्यक्ष,सिराहा,2,वैध्यनाथ यादव,767,1008
1003,मिथिला नगरपालिका,11,वडा अध्यक्ष,धनुषा,2,वेढ बहादुर कार्की,897,938
1004,तानसेन नगरपालिका,8,वडा अध्यक्ष,पाल्पा,5,राम प्रसाद घिमिरे,530,828
1005,सुखीपुर नगरपालिका,6,वडा अध्यक्ष,सिराहा,2,रामेश्‍वर साह,417,904
1006,नाशोङ गाउँपालिका,1,वडा अध्यक्ष,मनाङ्ग,4,झलक वहादुर गुरुङ,43,117
1007,गैडाकोट नगरपालिका,11,वडा अध्यक्ष,नवलपरासी (बर्दघाट सुस्ता पूर्व),4,गोविन्द प्रसाद सुवेदी,764,778
1008,हिमाली गाउँपालिका,3,वडा अध्यक्ष,बाजुरा,7,ध्याने रोकाया,133,144
1009,दिपायल सिलगढी नगरपालिका,9,वडा अध्यक्ष,डोटी,7,धर्म वहादुर साउद,301,437
1010,याङवरक गाउँपालिका,5,वडा अध्यक्ष,पाँचथर,1,टेक नाथ न्यौपाने,599,706
1011,शिखर नगरपालिका,11,वडा अध्यक्ष,डोटी,7,भिष्म बहादुर बलायर,688,715
1012,रुरु गाउँपालिका,3,वडा अध्यक्ष,गुल्मी,5,शेषनारायण पौडेल,441,828
1013,सुखीपुर नगरपालिका,7,वडा अध्यक्ष,सिराहा,2,विरेन्द्र महतो,617,804
1014,बेनी  नगरपालिका,6,वडा अध्यक्ष,म्याग्दी,4,कृष्ण बहादुर बाँनिया,656,722
1015,हरिवन नगरपालिका,9,वडा अध्यक्ष,सर्लाही,2,सिताराम पोखरेल,554,765
1016,खाँडाचक्र नगरपालिका,11,वडा अध्यक्ष,कालिकोट,6,पुष्पराज गिरी,197,212
1017,भिमाद नगरपालिका,1,वडा अध्यक्ष,तनहुँ,4,सोम नाथ शर्मा,987,1029
1018,जगदुल्ला गाउँपालिका,6,वडा अध्यक्ष,डोल्पा,6,भक्त बहादुर बढाथोकी,102,108
1019,पाख्रिवास नगरपालिका,6,वडा अध्यक्ष,धनकुटा,1,दल बहादुर तामाङ्ग,295,463
1020,केदारस्युँ गाउँपालिका,3,वडा अध्यक्ष,बझाङ्ग,7,बीर बहादुर खाती,156,345
1021,बर्दघाट नगरपालिका,2,वडा अध्यक्ष,नवलपरासी (बर्दघाट सुस्ता पश्चिम),5,दया दर्लामी,996,1079
1022,बाणगंगा नगरपालिका,6,वडा अध्यक्ष,कपिलवस्तु,5,शुक देव थारु,888,1096
1023,विरुवा गाउँपालिका,8,वडा अध्यक्ष,स्याङ्जा,4,श्री प्रकाश थापा,274,682
1024,ईनरुवा नगरपालिका,4,वडा अध्यक्ष,सुनसरी,1,श्याम देव मेहता,761,1008
1025,धुर्कोट गाउँपालिका,6,वडा अध्यक्ष,गुल्मी,5,कृष्ण बहादुर सार्की,557,712
1026,त्रिवेणी नलगाड नगरपालिका,11,वडा अध्यक्ष,जाजरकोट,6,जित वहादुर मल्ल,221,277
1027,बेलकोटगढी नगरपालिका,5,वडा अध्यक्ष,नुवाकोट,3,अनन्त राम नेपाल,796,807
1028,बुङदीकाली गाउँपालिका,2,वडा अध्यक्ष,नवलपरासी (बर्दघाट सुस्ता पूर्व),4,बाल प्रसाद ठाडा,663,962
1029,बगनासकाली गाउँपालिका,3,वडा अध्यक्ष,पाल्पा,5,टिका बहादुर थापा,584,631
1030,बाणगंगा नगरपालिका,7,वडा अध्यक्ष,कपिलवस्तु,5,बिण्णु गिरी,1112,1481
1031,दोर्दी गाउँपालिका,4,वडा अध्यक्ष,लमजुंग,4,सुक वहादुर गुरुङ,404,553
1032,मालारानी गाउँपालिका,2,वडा अध्यक्ष,अर्घाखांची,5,विष्‍णु प्रसाद भुसाल,547,585
1033,खाँदवारी नगरपालिका,9,वडा अध्यक्ष,संखुवासभा,1,टिका राम कुमाल,804,1108
1034,मेल्लेख गाउँपालिका,7,वडा अध्यक्ष,अछाम,7,नर बहादुर साउद,629,782
1035,सुन्दरबजार नगरपालिका,11,वडा अध्यक्ष,लमजुंग,4,प्रेम बहादुर दुरा,342,420
1036,लामीडाँडा गाउँपालिका,5,वडा अध्यक्ष,खोटाङ्ग,1,गणेश बहादुर थापा मगर,215,330
1037,भिमाद नगरपालिका,8,वडा अध्यक्ष,तनहुँ,4,बुद्धि मान श्रेष्ठ,456,677
1038,कुश्मा नगरपालिका,7,वडा अध्यक्ष,पर्वत,4,सुबास चन्द्र पौडेल,306,439
1039,सत्यवती गाउँपालिका,4,वडा अध्यक्ष,गुल्मी,5,दान बहादुर राना,562,792
1040,भीमदत्त नगरपालिका,6,वडा अध्यक्ष,कन्चनपुर,7,हरक सिह धामी,958,1055
1041,रत्ननगर नगरपालिका,9,वडा अध्यक्ष,चितवन,3,रोशन आचार्य,852,993
1042,साफेबगर नगरपालिका,6,वडा अध्यक्ष,अछाम,7,प्रेम राज शर्मा,99,482
1043,खाल्सा छिन्ताङ सहीदभूमि गाउँपालिका,5,वडा अध्यक्ष,धनकुटा,1,मल्सु राम राई,365,385
1044,निजगढ नगरपालिका,3,वडा अध्यक्ष,बारा,2,जीत बहादुर तामाङ्ग,274,408
1045,शिवसताक्षि नगरपालिका,5,वडा अध्यक्ष,झापा,1,सत्यनारायण राजवंशी,837,903
1046,सैनामैना नगरपालिका,6,वडा अध्यक्ष,रुपन्देही,5,बसन्त पाण्डे,1167,1591
1047,देवदह नगरपालिका,4,वडा अध्यक्ष,रुपन्देही,5,दिपक चापागाई,817,902
1048,सिद्धलेक गाउँपालिका,4,वडा अध्यक्ष,धादिङ्ग,3,रामहरी बराकोटी,445,980
1049,पथरी शनिश्चरे नगरपालिका,6,वडा अध्यक्ष,मोरङ्ग,1,जय बहादुर तामाड,826,837
1050,नौवहिनी गाउँपालिका,4,वडा अध्यक्ष,प्यूठान,5,पहल सिह घर्ती मगर,437,697
1051,नवदुर्गा गाउँपालिका,4,वडा अध्यक्ष,डडेलधुरा,7,पदम बहादुर विष्ट,452,597
1052,मुखियापट्टी मुसहरमिया गाउँपालिका,2,वडा अध्यक्ष,धनुषा,2,नरेश प्रसाद यादव,345,391
1053,गुराँस गाउँपालिका,6,वडा अध्यक्ष,दैलेख,6,हिम वहादुर वली,640,688
1054,र्इन्द्रावती गाउँपालिका,9,वडा अध्यक्ष,सिन्धुपाल्चोक,3,बाबु राम लामा,397,473
1055,नौमुले गाउँपालिका,1,वडा अध्यक्ष,दैलेख,6,भुवानी प्रशाद जैसी,436,480
1056,नौवहिनी गाउँपालिका,5,वडा अध्यक्ष,प्यूठान,5,अन बहादुर घर्ती मगर,673,935
1057,आदर्श गाउँपालिका,3,वडा अध्यक्ष,डोटी,7,नरेन्द्र वहादुर रोकाया,455,550
1058,मेन्छयायेम गाउँपालिका,6,वडा अध्यक्ष,तेर्हथुम,1,प्रदिप  कुमार बुढाथोकी,277,432
1059,पोखरा लेखनाथ महानगरपालिका,20,वडा अध्यक्ष,कास्की,4,सिम बहादुर गुरुङ्ग,672,1223
1060,विरुवा गाउँपालिका,5,वडा अध्यक्ष,स्याङ्जा,4,इन्द्र प्रसाद पौडेल,358,588
1061,शिवराज नगरपालिका,1,वडा अध्यक्ष,कपिलवस्तु,5,जगत बहादुर घर्ति क्षेत्री,879,1502
1062,चाँगुनारायण नगरपालिका,4,वडा अध्यक्ष,भक्तपुर,3,बुद्धि लाल महर्जन,1181,1269
1063,जलजला गाउँपालिका,5,वडा अध्यक्ष,पर्वत,4,तिलक बहादुर जि.सी,602,694
1064,रामपुर नगरपालिका,1,वडा अध्यक्ष,पाल्पा,5,मित्रलाल कंडेल,631,785
1065,बुढीगंगा नगरपालिका,6,वडा अध्यक्ष,बाजुरा,7,गणेश बहादुर थापा,258,385
1066,पाटन नगरपालिका,9,वडा अध्यक्ष,बैतडी,7,लोक बहादुर भण्डारी,326,390
1067,सत्यवती गाउँपालिका,5,वडा अध्यक्ष,गुल्मी,5,ओम प्रकाश भण्डारी,539,778
1068,बान्नीगढी जयगढ गाउँपालिका,5,वडा अध्यक्ष,अछाम,7,लाल कामी,401,582
1069,गैडाकोट नगरपालिका,13,वडा अध्यक्ष,नवलपरासी (बर्दघाट सुस्ता पूर्व),4,पदम लाल पौडेल,731,781
1070,पोखरा लेखनाथ महानगरपालिका,18,वडा अध्यक्ष,कास्की,4,रण वहादुर थापा क्षेत्री,1304,1679
1071,सन्दकपुर गाउँपालिका,2,वडा अध्यक्ष,इलाम,1,गिरिराज खनाल,330,1033
1072,देउमाई नगरपालिका,6,वडा अध्यक्ष,इलाम,1,भगि रथ राई,683,706
1073,ईन्द्र सरोवर गाउँपालिका,3,वडा अध्यक्ष,मकवानपुर,3,चिरञ्‍जीबी पोडेल,267,979
1074,सागुरीगढी गाउँपालिका,10,वडा अध्यक्ष,धनकुटा,1,एक बहादुर राई,371,399
1075,बुढीनन्दा नगरपालिका,10,वडा अध्यक्ष,बाजुरा,7,सतवरे बोहरा,120,561
1076,बर्दघाट नगरपालिका,9,वडा अध्यक्ष,नवलपरासी (बर्दघाट सुस्ता पश्चिम),5,चन्द्र कान्त चापागाई,599,627
1077,थाक्रे गाउँपालिका,8,वडा अध्यक्ष,धादिङ्ग,3,केशव प्रसाद प्याकुरेल,667,714
1078,छथर गाउँपालिका,6,वडा अध्यक्ष,तेर्हथुम,1,टेकराज लिम्बु,604,745
1079,कालिका नगरपालिका,6,वडा अध्यक्ष,चितवन,3,विनोद रेग्मी,1402,1477
1080,नाम्खा गाउँपालिका,4,वडा अध्यक्ष,हुम्ला,6,सुनाम हिसे तामाङ,51,76
1081,क्व्होलासोथार गाउँपालिका,7,वडा अध्यक्ष,लमजुंग,4,डिल कुमारी गुरुङ,252,257
1082,पुतलीबजार नगरपालिका,3,वडा अध्यक्ष,स्याङ्जा,4,अमृत प्रसाद श्रेष्ठ,1094,1123
1083,मैवाखोला गाउँपालिका,2,वडा अध्यक्ष,ताप्लेजुंग,1,सुरेन्द्र लिम्बु,175,415
1084,खाँदवारी नगरपालिका,7,वडा अध्यक्ष,संखुवासभा,1,मौसम आले मगर,389,507
1085,सायल गाउँपालिका,1,वडा अध्यक्ष,डोटी,7,हिरा थापा,465,581
1086,विजयनगर गाउँपालिका,6,वडा अध्यक्ष,कपिलवस्तु,5,प्रेम बहादुर कलवार,416,504
1087,पाण्डवगुफा गाउँपालिका,2,वडा अध्यक्ष,बाजुरा,7,कर्ण बहादुर बिष्‍ट,226,289
1088,खाँडादेवी गाउँपालिका,5,वडा अध्यक्ष,रामेछाप,3,तुलशी दास श्रेष्ठ,578,691
1089,सभापोखरी गाउँपालिका,4,वडा अध्यक्ष,संखुवासभा,1,हिमालि राई,167,235
1090,मध्यविन्दु नगरपालिका,14,वडा अध्यक्ष,नवलपरासी (बर्दघाट सुस्ता पूर्व),4,मिन बहादुर दर्लामी मगर,452,536
1091,त्रिपुरासुन्दरी नगरपालिका,7,वडा अध्यक्ष,डोल्पा,6,खम बुढा,200,272
1092,बुटवल उपमहानगरपालिका,4,वडा अध्यक्ष,रुपन्देही,5,टंक प्रसाद पराजुली,1314,1412
1093,अमरगढी नगरपालिका,10,वडा अध्यक्ष,डडेलधुरा,7,विष्णु राज भट्ट,275,278
1094,पुनर्वास नगरपालिका,3,वडा अध्यक्ष,कन्चनपुर,7,फैरु तामाङ,265,454
1095,बर्जु गाउँपालिका,3,वडा अध्यक्ष,सुनसरी,1,प्रदिप कुमार चौधरी,700,862
1096,भिमाद नगरपालिका,9,वडा अध्यक्ष,तनहुँ,4,ईमान बहादुर थापा,455,906
1097,देवचुली नगरपालिका,6,वडा अध्यक्ष,नवलपरासी (बर्दघाट सुस्ता पूर्व),4,मिन बहादुर सोती मगर,255,358
1098,कुम्मायक गाउँपालिका,5,वडा अध्यक्ष,पाँचथर,1,याम बहादुर वोहोरा,338,711
1099,पुतलीबजार नगरपालिका,7,वडा अध्यक्ष,स्याङ्जा,4,विश्‍वेश्‍वर प्रसाद रेग्मी,754,908
1100,क्व्होलासोथार गाउँपालिका,6,वडा अध्यक्ष,लमजुंग,4,मन लाल गुरुङ,161,197
1101,नारायण नगरपालिका,4,वडा अध्यक्ष,दैलेख,6,विर वहादुर कटुवाल,542,558
1102,सागुरीगढी गाउँपालिका,9,वडा अध्यक्ष,धनकुटा,1,जित वहादुर राई,481,518
1103,उर्लावारी नगरपालिका,8,वडा अध्यक्ष,मोरङ्ग,1,कुल बहादूर कार्की,1352,1502
1104,सितगंगा नगरपालिका,2,वडा अध्यक्ष,अर्घाखांची,5,गोवर्धन थापा,750,835
1105,गौमुल गाउँपालिका,4,वडा अध्यक्ष,बाजुरा,7,विरेन्द्र वहादुर रोकाया,199,328
1106,गल्छी गाउँपालिका,7,वडा अध्यक्ष,धादिङ्ग,3,हरि प्रसाद खतिवडा,684,719
1107,भानु नगरपालिका,3,वडा अध्यक्ष,तनहुँ,4,दल नारायण श्रेष्ठ,642,719
1108,ट्याम्केमैयुम गाउँपालिका,5,वडा अध्यक्ष,भोजपुर,1,सुनिल राई,294,409
1109,अदानचुली गाउँपालिका,2,वडा अध्यक्ष,हुम्ला,6,दल वहादुर वुढा,285,295
1110,चैनपुर नगरपालिका,6,वडा अध्यक्ष,संखुवासभा,1,नेत्र बहादुर डाँगी,591,645
1111,मंगलसेन नगरपालिका,3,वडा अध्यक्ष,अछाम,7,पदम सिंह भाट,383,556
1112,पाण्डवगुफा गाउँपालिका,6,वडा अध्यक्ष,बाजुरा,7,कटक वहादुर विष्ट,311,316
1113,बुङदीकाली गाउँपालिका,5,वडा अध्यक्ष,नवलपरासी (बर्दघाट सुस्ता पूर्व),4,दल बहादुर खरु मगर,154,384
1114,पाख्रिवास नगरपालिका,3,वडा अध्यक्ष,धनकुटा,1,सुन्दर लाल तामाङ,379,412
1115,काठमाण्डौ महानगरपालिका,3,वडा अध्यक्ष,काठमाडौं,3,दिपक के.सी.,2033,3062
1116,बनेपा नगरपालिका,5,वडा अध्यक्ष,काभ्रेपलाञ्चोक,3,बलराम अधिकारी,1102,1161
1117,चौतारा साँगाचोकगढी नगरपालिका,2,वडा अध्यक्ष,सिन्धुपाल्चोक,3,दिपेन्द्र थापा,311,331
1118,आरूघाट गाउँपालिका,6,वडा अध्यक्ष,गोरखा,4,विर बहादुर गुरुङ,438,444
1119,औरही  गाउँपालिका,4,वडा अध्यक्ष,धनुषा,2,शिव नाथ साह,360,542
1120,चाँगुनारायण नगरपालिका,6,वडा अध्यक्ष,भक्तपुर,3,सन्ते वाइवा,208,971
1121,भेरीगंगा नगरपालिका,11,वडा अध्यक्ष,सुर्खेत,6,तिलक राम डाङ्गी,805,941
1122,मोदी गाउँपालिका,3,वडा अध्यक्ष,पर्वत,4,देवेन्द्र बहादुर क्षेत्री,355,536
1123,षडानन्द नगरपालिका,13,वडा अध्यक्ष,भोजपुर,1,इन्द्र कुमार श्रेष्ठ,328,382
1124,सत्यवती गाउँपालिका,7,वडा अध्यक्ष,गुल्मी,5,लोक बहादुर बुढाथोकी,429,792
1125,बाह्गाउँ मुक्तिक्षेत्र गाउँपालिका,5,वडा अध्यक्ष,मुस्तांग,4,राप्के गुरुङ,97,149
1126,नगराइन नगरपालिका,4,वडा अध्यक्ष,धनुषा,2,अमिरी लाल राउत,657,800
1127,रूपा गाउँपालिका,6,वडा अध्यक्ष,कास्की,4,नारायण गुरुङ्ग,710,810
1128,देवघाट गाउँपालिका,1,वडा अध्यक्ष,तनहुँ,4,भिम बहादुर गुरुङ्ग,546,668
1129,कावासोती नगरपालिका,15,वडा अध्यक्ष,नवलपरासी (बर्दघाट सुस्ता पूर्व),4,देव नारायण महतो,579,1061
1130,लम्की चुहा नगरपालिका,9,वडा अध्यक्ष,कैलाली,7,राम प्रसाद चौधरी,611,762
1131,पूर्वखोला गाउँपालिका,6,वडा अध्यक्ष,पाल्पा,5,मन वहादुर सारु,243,548
1132,रामपुर नगरपालिका,3,वडा अध्यक्ष,पाल्पा,5,दिनेश कुमार खनाल,771,1094
1133,वैतेश्वर  गाउँपालिका,5,वडा अध्यक्ष,दोलखा,3,माधव बहादुर बस्नेत,230,1098
1134,मर्स्याङदी गाउँपालिका,8,वडा अध्यक्ष,लमजुंग,4,हिरा देवी गुरुङ(घले),203,491
1135,खाँडाचक्र नगरपालिका,9,वडा अध्यक्ष,कालिकोट,6,गोविन्द बहादुर मल्ल,153,255
1136,सिम्ता गाउँपालिका,1,वडा अध्यक्ष,सुर्खेत,6,मान सि कामी,330,773
1137,माई नगरपालिका,2,वडा अध्यक्ष,इलाम,1,खम्बासिं लिम्बु,612,722
1138,आठबीस नगरपालिका,4,वडा अध्यक्ष,दैलेख,6,रण बहादुर माझी,473,491
1139,भिरकोट नगरपालिका,6,वडा अध्यक्ष,स्याङ्जा,4,लक्ष्मण खत्री क्षेत्री,443,462
1140,पाख्रिवास नगरपालिका,7,वडा अध्यक्ष,धनकुटा,1,फणिन्द्र बहादुर तामाङ,40,286
1141,रम्भा गाउँपालिका,4,वडा अध्यक्ष,पाल्पा,5,भोज बहादुर विश्वकर्मा,611,671
1142,राप्ती नगरपालिका,3,वडा अध्यक्ष,चितवन,3,राज कुमार उप्रेती,493,687
1143,मुगुम कार्मारोंग गाउँपालिका,2,वडा अध्यक्ष,मुगु,6,कार्मा तामाङ,71,93
1144,वालिङ नगरपालिका,12,वडा अध्यक्ष,स्याङ्जा,4,दान बहादुर गुरुङ्ग,705,884
1145,दुहवी नगरपालिका,3,वडा अध्यक्ष,सुनसरी,1,माधव वहादुर भण्डारी,360,540
1146,दोगडाकेदार गाउँपालिका,8,वडा अध्यक्ष,बैतडी,7,भक्त बहादुर विष्‍ट,268,405
1147,आरूघाट गाउँपालिका,5,वडा अध्यक्ष,गोरखा,4,नारायण ध्‍वज खडका,412,500
